Id;Facility;VAMC System Health Service;Facility description of services;Owner
'VAMC-FY-1';'Allentown VA Clinic';'Audiology and speech at VA Wilkes-Barre health care';'<h3>Location and contact information</h3><p class="va-address-block"><strong></strong><br />3110 Hamilton Boulevard, <br />Allentown, PA 18103-3630<br /><strong>Phone:</strong> <a href="tel:+1610-776-4304">610-776-4304</a><br /><strong>Hours:</strong> Monday: 8:00 a.m.to 8:00 p.m. ET, <br />Tuesday through Friday: 8:00 a.m. to 4:30 a.m. ET</p><h3>Appointments</h3><p>Contact us to schedule, reschedule, or cancel your appointment.  If a referral is required, you will need to contact your primary care provider first.</p><p><strong>Referral needed? </strong> N<br /><strong>Walk-ins accepted?</strong> N<br /><strong>Phone: </strong><a href="tel:+1610-776-4304">610-776-4304</a> </p>';'VA Wilkes-Barre health care'
'VAMC-FY-2';'Allentown VA Clinic';'Dental/oral surgery at VA Wilkes-Barre health care';'<h3>Location and contact information</h3><p class="va-address-block"><strong></strong><br />3110 Hamilton Boulevard, <br />Allentown, PA 18103-3630<br /><strong>Phone:</strong> <a href="tel:+1610-776-4304">610-776-4304</a><br /><strong>Hours:</strong> Monday: 8:00 a.m. to 8:00 p.m. ET, <br />Tuesday through Friday: 8:00 a.m. to 4:30 a.m. ET</p><h3>Appointments</h3><p>Contact us to schedule, reschedule, or cancel your appointment.  If a referral is required, you will need to contact your primary care provider first.</p><p><strong>Referral needed? </strong> N<br /><strong>Walk-ins accepted?</strong> Y<br /><strong>Phone: </strong><a href="tel:+1610-776-4304">610-776-4304</a> </p>';'VA Wilkes-Barre health care'
'VAMC-FY-3';'Allentown VA Clinic';'Diabetes at VA Wilkes-Barre health care';'<h3>Location and contact information</h3><p class="va-address-block"><strong></strong><br />3110 Hamilton Boulevard, <br />Allentown, PA 18103-3630<br /><strong>Phone:</strong> <a href="tel:+1610-776-4304">610-776-4304</a><br /><strong>Hours:</strong> Monday: 8:00 a.m. to 8:00 p.m. ET, <br />Tuesday through Friday: 8:00 a.m. to 4:30 a.m. ET</p><h3>Appointments</h3><p>Contact us to schedule, reschedule, or cancel your appointment.  If a referral is required, you will need to contact your primary care provider first.</p><p><strong>Referral needed? </strong> N<br /><strong>Walk-ins accepted?</strong> N<br /><strong>Phone: </strong><a href="tel:+1610-776-4304">610-776-4304</a> </p>';'VA Wilkes-Barre health care'
'VAMC-FY-4';'Allentown VA Clinic';'Laboratory and pathology at VA Wilkes-Barre health care';'<h3>Location and contact information</h3><p class="va-address-block"><strong></strong><br />3110 Hamilton Boulevard, <br />Allentown, PA 18103-3630<br /><strong>Phone:</strong> <a href="tel:+1610-776-4304">610-776-4304</a><br /><strong>Hours:</strong> Monday: 8:00 a.m. to 8:00 p.m. ET, <br />Tuesday through Friday: 8:00 a.m. to 4:30 a.m. ET</p><h3>Appointments</h3><p>Contact us to schedule, reschedule, or cancel your appointment.  If a referral is required, you will need to contact your primary care provider first.</p><p><strong>Referral needed? </strong> Y<br /><strong>Walk-ins accepted?</strong> N<br /><strong>Phone: </strong><a href="tel:+1610-776-4304">610-776-4304</a> </p>';'VA Wilkes-Barre health care'
'VAMC-FY-5';'Allentown VA Clinic';'Mental health care at VA Wilkes-Barre health care';'<h3>Location and contact information</h3><p class="va-address-block"><strong></strong><br />3110 Hamilton Boulevard, <br />Allentown, PA 18103-3630<br /><strong>Phone:</strong> <a href="tel:+1610-776-4304">610-776-4304</a><br /><strong>Hours:</strong> Monday: 8:00 a.m. to 8:00 p.m. ET, <br />Tuesday through Friday: 8:00 a.m. to 4:30 a.m. ET</p><h3>Appointments</h3><p>Contact us to schedule, reschedule, or cancel your appointment.  If a referral is required, you will need to contact your primary care provider first.</p><p><strong>Referral needed? </strong> Y<br /><strong>Walk-ins accepted?</strong> Y<br /><strong>Phone: </strong><a href="tel:+1610-776-4304">610-776-4304</a> </p>';'VA Wilkes-Barre health care'
'VAMC-FY-6';'Allentown VA Clinic';'Nutrition, food, and dietary at VA Wilkes-Barre health care';'<h3>Location and contact information</h3><p class="va-address-block"><strong></strong><br />3110 Hamilton Boulevard, <br />Allentown, PA 18103-3630<br /><strong>Phone:</strong> <a href="tel:+1610-776-4304">610-776-4304</a><br /><strong>Hours:</strong> Monday: 8:00 a.m. to 8:00 p.m. ET, <br />Tuesday through Friday: 8:00 a.m. to 4:30 a.m. ET</p><h3>Appointments</h3><p>Contact us to schedule, reschedule, or cancel your appointment.  If a referral is required, you will need to contact your primary care provider first.</p><p><strong>Referral needed? </strong> N<br /><strong>Walk-ins accepted?</strong> N<br /><strong>Phone: </strong><a href="tel:+1610-776-4304">610-776-4304</a> </p>';'VA Wilkes-Barre health care'
'VAMC-FY-7';'Allentown VA Clinic';'Ophthalmology at VA Wilkes-Barre health care';'<h3>Location and contact information</h3><p class="va-address-block"><strong></strong><br />3110 Hamilton Boulevard, <br />Allentown, PA 18103-3630<br /><strong>Phone:</strong> <a href="tel:+1610-776-4304">610-776-4304</a><br /><strong>Hours:</strong> Monday: 8:00 a.m. to 8:00 p.m. ET, <br />Tuesday through Friday: 8:00 a.m. to 4:30 a.m. ET</p><h3>Appointments</h3><p>Contact us to schedule, reschedule, or cancel your appointment.  If a referral is required, you will need to contact your primary care provider first.</p><p><strong>Referral needed? </strong> N<br /><strong>Walk-ins accepted?</strong> N<br /><strong>Phone: </strong><a href="tel:+1610-776-4304">610-776-4304</a> </p>';'VA Wilkes-Barre health care'
'VAMC-FY-8';'Allentown VA Clinic';'Optometry at VA Wilkes-Barre health care';'<h3>Location and contact information</h3><p class="va-address-block"><strong></strong><br />3110 Hamilton Boulevard, <br />Allentown, PA 18103-3630<br /><strong>Phone:</strong> <a href="tel:+1610-776-4304">610-776-4304</a><br /><strong>Hours:</strong> Monday: 8:00 a.m. to 8:00 p.m. ET, <br />Tuesday through Friday: 8:00 a.m. to 4:30 a.m. ET</p><h3>Appointments</h3><p>Contact us to schedule, reschedule, or cancel your appointment.  If a referral is required, you will need to contact your primary care provider first.</p><p><strong>Referral needed? </strong> N<br /><strong>Walk-ins accepted?</strong> N<br /><strong>Phone: </strong><a href="tel:+1610-776-4304">610-776-4304</a> </p>';'VA Wilkes-Barre health care'
'VAMC-FY-9';'Allentown VA Clinic';'Primary Care at VA Wilkes-Barre health care';'<h3>Location and contact information</h3><p class="va-address-block"><strong></strong><br />3110 Hamilton Boulevard, <br />Allentown, PA 18103-3630<br /><strong>Phone:</strong> <a href="tel:+1610-776-4304">610-776-4304</a><br /><strong>Hours:</strong> Monday: 8:00 a.m. to 8:00 p.m. ET, <br />Tuesday through Friday: 8:00 a.m. to 4:30 a.m. ET</p><h3>Appointments</h3><p>Contact us to schedule, reschedule, or cancel your appointment.  If a referral is required, you will need to contact your primary care provider first.</p><p><strong>Referral needed? </strong> N<br /><strong>Walk-ins accepted?</strong> Y<br /><strong>Phone: </strong><a href="tel:+1610-776-4304">610-776-4304</a> </p>';'VA Wilkes-Barre health care'
'VAMC-FY-10';'Allentown VA Clinic';'Social Work at VA Wilkes-Barre health care';'<h3>Location and contact information</h3><p class="va-address-block"><strong></strong><br />3110 Hamilton Boulevard, <br />Allentown, PA 18103-3630<br /><strong>Phone:</strong> <a href="tel:+1610-776-4304">610-776-4304</a><br /><strong>Hours:</strong> Monday: 8:00 a.m. to 8:00 p.m. ET, <br />Tuesday through Friday: 8:00 a.m. to 4:30 a.m. ET</p><h3>Appointments</h3><p>Contact us to schedule, reschedule, or cancel your appointment.  If a referral is required, you will need to contact your primary care provider first.</p><p><strong>Referral needed? </strong> Y<br /><strong>Walk-ins accepted?</strong> N<br /><strong>Phone: </strong><a href="tel:+1610-776-4304">610-776-4304</a> </p>';'VA Wilkes-Barre health care'
'VAMC-FY-11';'Allentown VA Clinic';'Women Veteran care at VA Wilkes-Barre health care';'<h3>Location and contact information</h3><p class="va-address-block"><strong></strong><br />3110 Hamilton Boulevard, <br />Allentown, PA 18103-3630<br /><strong>Phone:</strong> <a href="tel:+1610-776-4304">610-776-4304</a><br /><strong>Hours:</strong> Monday: 8:00 a.m. to 8:00 p.m. ET, <br />Tuesday through Friday: 8:00 a.m. to 4:30 a.m. ET</p><h3>Appointments</h3><p>Contact us to schedule, reschedule, or cancel your appointment.  If a referral is required, you will need to contact your primary care provider first.</p><p><strong>Referral needed? </strong> N<br /><strong>Walk-ins accepted?</strong> Y<br /><strong>Phone: </strong><a href="tel:+1610-776-4304">610-776-4304</a> </p>';'VA Wilkes-Barre health care'
'VAMC-FY-12';'Columbia County VA Clinic';'Laboratory and pathology at VA Wilkes-Barre health care';'<h3>Location and contact information</h3><p class="va-address-block"><strong>Alley Medical Center, <br /></strong><br />301 West Third Street, <br />Alley Medical Center, <br />Berwick, PA 18603-3603<br /><strong>Phone:</strong> <a href="tel:+1570-759-0351">570-759-0351</a><br /><strong>Hours:</strong> Monday-Tuesday:8:00a.m.-7:00p.m. ET, <br />Wednesday:8:00a.m.-5:00p.m. ET, <br />Thursday:8:00a.m.-7:00p.m. ET, <br />Friday:8:00a.m.-6:00p.m. ET, <br />Saturday:9:00a.m.-1:00p.m. ET</p><h3>Appointments</h3><p>Contact us to schedule, reschedule, or cancel your appointment.  If a referral is required, you will need to contact your primary care provider first.</p><p><strong>Referral needed? </strong> Y<br /><strong>Walk-ins accepted?</strong> N<br /><strong>Phone: </strong><a href="tel:+1570-759-0351">570-759-0351</a> </p>';'VA Wilkes-Barre health care'
'VAMC-FY-13';'Columbia County VA Clinic';'Primary Care at VA Wilkes-Barre health care';'<h3>Location and contact information</h3><p class="va-address-block"><strong>Alley Medical Center, <br /></strong><br />301 West Third Street, <br />Alley Medical Center, <br />Berwick, PA 18603-3603<br /><strong>Phone:</strong> <a href="tel:+1570-759-0351">570-759-0351</a><br /><strong>Hours:</strong> Monday-Tuesday:8:00a.m.-7:00p.m. ET, <br />Wednesday:8:00a.m.-5:00p.m. ET, <br />Thursday:8:00a.m.-7:00p.m. ET, <br />Friday:8:00a.m.-6:00p.m. ET, <br />Saturday:9:00a.m.-1:00p.m. ET</p><h3>Appointments</h3><p>Contact us to schedule, reschedule, or cancel your appointment.  If a referral is required, you will need to contact your primary care provider first.</p><p><strong>Referral needed? </strong> Y<br /><strong>Walk-ins accepted?</strong> N<br /><strong>Phone: </strong><a href="tel:+1570-759-0351">570-759-0351</a> </p>';'VA Wilkes-Barre health care'
'VAMC-FY-14';'Columbia County VA Clinic';'Social Work at VA Wilkes-Barre health care';'<h3>Location and contact information</h3><p class="va-address-block"><strong>Alley Medical Center, <br /></strong><br />301 West Third Street, <br />Alley Medical Center, <br />Berwick, PA 18603-3603<br /><strong>Phone:</strong> <a href="tel:+1570-759-0351">570-759-0351</a><br /><strong>Hours:</strong> Monday-Tuesday:8:00a.m.-7:00p.m. ET, <br />Wednesday:8:00a.m.-5:00p.m. ET, <br />Thursday:8:00a.m.-7:00p.m. ET, <br />Friday:8:00a.m.-6:00p.m. ET, <br />Saturday:9:00a.m.-1:00p.m. ET</p><h3>Appointments</h3><p>Contact us to schedule, reschedule, or cancel your appointment.  If a referral is required, you will need to contact your primary care provider first.</p><p><strong>Referral needed? </strong> N<br /><strong>Walk-ins accepted?</strong> Y<br /><strong>Phone: </strong><a href="tel:+1570-759-0351">570-759-0351</a> </p>';'VA Wilkes-Barre health care'
'VAMC-FY-15';'Columbia County VA Clinic';'Telehealth at VA Wilkes-Barre health care';'<h3>Location and contact information</h3><p class="va-address-block"><strong>Alley Medical Center, <br /></strong><br />301 West Third Street, <br />Alley Medical Center, <br />Berwick, PA 18603-3603<br /><strong>Phone:</strong> <a href="tel:+1570-759-0351">570-759-0351</a><br /><strong>Hours:</strong> Monday-Tuesday:8:00a.m.-7:00p.m. ET, <br />Thursday:8:00a.m.-7:00p.m. ET, <br />Friday:8:00a.m.-6:00p.m. ET, <br />Saturday:9:00a.m.-1:00p.m. ET</p><h3>Appointments</h3><p>Contact us to schedule, reschedule, or cancel your appointment.  If a referral is required, you will need to contact your primary care provider first.</p><p><strong>Referral needed? </strong> Y<br /><strong>Walk-ins accepted?</strong> N<br /><strong>Phone: </strong><a href="tel:+1570-759-0351">570-759-0351</a> </p>';'VA Wilkes-Barre health care'
'VAMC-FY-16';'Columbia County VA Clinic';'Women Veteran care at VA Wilkes-Barre health care';'<h3>Location and contact information</h3><p class="va-address-block"><strong>Alley Medical Center, <br /></strong><br />301 West Third Street, <br />Alley Medical Center, <br /><strong>Phone:</strong> <a href="tel:+1570-759-0351">570-759-0351</a><br /><strong>Hours:</strong> Monday-Tuesday:8:00a.m.-7:00p.m. ET, <br />Wednesday:8:00a.m.-5:00p.m. ET, <br />Thursday:8:00a.m.-7:00p.m. ET, <br />Friday:8:00a.m.-6:00p.m. ET, <br />Saturday:9:00a.m.-1:00p.m. ET</p><h3>Appointments</h3><p>Contact us to schedule, reschedule, or cancel your appointment.  If a referral is required, you will need to contact your primary care provider first.</p><p><strong>Referral needed? </strong> N<br /><strong>Walk-ins accepted?</strong> Y<br /><strong>Phone: </strong><a href="tel:+1570-759-0351">570-759-0351</a> </p>';'VA Wilkes-Barre health care'
'VAMC-FY-17';'Northampton County VA Clinic';'Laboratory and pathology at VA Wilkes-Barre health care';'<h3>Location and contact information</h3><p class="va-address-block"><strong>Phoebe Center, <br /></strong><br />701 Slate Belt Boulevard, <br />Bangor, PA 18013-9341<br /><strong>Phone:</strong> <a href="tel:+1610-599-0127">610-599-0127</a><br /><strong>Hours:</strong> Monday through Friday: 7:30a.m. to 4:30p.m. ET</p><h3>Appointments</h3><p>Contact us to schedule, reschedule, or cancel your appointment.  If a referral is required, you will need to contact your primary care provider first.</p><p><strong>Referral needed? </strong> Y<br /><strong>Walk-ins accepted?</strong> N<br /><strong>Phone: </strong><a href="tel:+1610-599-0127">610-599-0127</a> </p>';'VA Wilkes-Barre health care'
'VAMC-FY-18';'Northampton County VA Clinic';'Primary Care at VA Wilkes-Barre health care';'<h3>Location and contact information</h3><p class="va-address-block"><strong>Phoebe Center, <br /></strong><br />701 Slate Belt Boulevard, <br />Bangor, PA 18013-9341<br /><strong>Phone:</strong> <a href="tel:+1610-599-0127">610-599-0127</a><br /><strong>Hours:</strong> Monday through Friday: 7:30a.m. to 4:30p.m. ET</p><h3>Appointments</h3><p>Contact us to schedule, reschedule, or cancel your appointment.  If a referral is required, you will need to contact your primary care provider first.</p><p><strong>Referral needed? </strong> Y<br /><strong>Walk-ins accepted?</strong> N<br /><strong>Phone: </strong><a href="tel:+1610-599-0127">610-599-0127</a> </p>';'VA Wilkes-Barre health care'
'VAMC-FY-19';'Northampton County VA Clinic';'Mental health care at VA Wilkes-Barre health care';'<h3>Location and contact information</h3><p class="va-address-block"><strong>Phoebe Center", <br /></strong><br />701 Slate Belt Boulevard, <br />Bangor," PA 18013-9341<br /><strong>Phone:</strong> <a href="tel:+1610-599-0127">610-599-0127</a><br /><strong>Hours:</strong> Monday through Friday: 7:30a.m. to 4:30p.m. ET</p><h3>Appointments</h3><p>Contact us to schedule", reschedule, or cancel your appointment.  If a referral is required," you will need to contact your primary care provider first.</p><p><strong>Referral needed? </strong> Y<br /><strong>Walk-ins accepted?</strong> N<br /><strong>Phone: </strong><a href="tel:+1610-599-0127">610-599-0127</a> </p>';'VA Wilkes-Barre health care'
'VAMC-FY-20';'Northampton County VA Clinic';'Nutrition, food, and dietary at VA Wilkes-Barre health care';'<h3>Location and contact information</h3><p class="va-address-block"><strong>Phoebe Center", <br /></strong><br />701 Slate Belt Boulevard, <br />Bangor," PA 18013-9341<br /><strong>Phone:</strong> <a href="tel:+1610-599-0127">610-599-0127</a><br /><strong>Hours:</strong> Monday through Friday: 7:30a.m. to 4:30p.m. ET</p><h3>Appointments</h3><p>Contact us to schedule", reschedule, or cancel your appointment.  If a referral is required," you will need to contact your primary care provider first.</p><p><strong>Referral needed? </strong> N<br /><strong>Walk-ins accepted?</strong> N<br /><strong>Phone: </strong><a href="tel:+1610-599-0127">610-599-0127</a> </p>';'VA Wilkes-Barre health care'
'VAMC-FY-21';'Northampton County VA Clinic';'Social work at VA Wilkes-Barre health care';'<h3>Location and contact information</h3><p class="va-address-block"><strong>Phoebe Center", <br /></strong><br />701 Slate Belt Boulevard, <br />Bangor," PA 18013-9341<br /><strong>Phone:</strong> <a href="tel:+1610-599-0127">610-599-0127</a><br /><strong>Hours:</strong> Monday through Friday: 7:30a.m. to 4:30p.m. ET</p><p>Contact us to schedule", reschedule, or cancel your appointment.  If a referral is required," you will need to contact your primary care provider first.</p><p><strong>Walk-ins accepted?</strong> N<br /><strong>Phone: </strong><a href="tel:+1610-599-0127">610-599-0127</a> </p>';'VA Wilkes-Barre health care'
'VAMC-FY-22';'Sayre VA Clinic';'Laboratory and pathology at VA Wilkes-Barre health care';'<h3>Location and contact information</h3><p class="va-address-block"><strong></strong><br />1537 North Elmira Street, <br />Sayre, PA 18840-9254<br /><strong>Phone:</strong> <a href="tel:+1570-888-6803">570-888-6803</a><br /><strong>Hours:</strong> Monday through Friday: 8:00a.m. to 4:30p.m. ET</p><h3>Appointments</h3><p>Contact us to schedule, reschedule, or cancel your appointment.  If a referral is required, you will need to contact your primary care provider first.</p><p><strong>Referral needed? </strong> Y<br /><strong>Walk-ins accepted?</strong> N<br /><strong>Phone: </strong><a href="tel:+1570-888-6803">570-888-6803</a> </p>';'VA Wilkes-Barre health care'
'VAMC-FY-23';'Sayre VA Clinic';'Mental health care at VA Wilkes-Barre health care';'<h3>Location and contact information</h3><p class="va-address-block"><strong></strong><br />1537 North Elmira Street, <br />Sayre, PA 18840-9254<br /><strong>Phone:</strong> <a href="tel:+1570-888-6803">570-888-6803</a><br /><strong>Hours:</strong> Monday through Friday: 8:00a.m. to 4:30p.m. ET</p><h3>Appointments</h3><p>Contact us to schedule, reschedule, or cancel your appointment.  If a referral is required, you will need to contact your primary care provider first.</p><p><strong>Referral needed? </strong> Y<br /><strong>Walk-ins accepted?</strong> Y<br /><strong>Phone: </strong><a href="tel:+1570-888-6803">570-888-6803</a> </p>';'VA Wilkes-Barre health care'
'VAMC-FY-24';'Sayre VA Clinic';'Optometry at VA Wilkes-Barre health care';'<h3>Location and contact information</h3><p class="va-address-block"><strong></strong><br />1537 North Elmira Street, <br />Sayre, PA 18840-9254<br /><strong>Phone:</strong> <a href="tel:+1570-888-6803">570-888-6803</a><br /><strong>Hours:</strong> Monday through Friday: 8:00a.m. to 4:30p.m. ET</p><h3>Appointments</h3><p>Contact us to schedule, reschedule, or cancel your appointment.  If a referral is required, you will need to contact your primary care provider first.</p><p><strong>Referral needed? </strong> N<br /><strong>Walk-ins accepted?</strong> N<br /><strong>Phone: </strong><a href="tel:+1570-888-6803">570-888-6803</a> </p>';'VA Wilkes-Barre health care'
'VAMC-FY-25';'Sayre VA Clinic';'Podiatry at VA Wilkes-Barre health care';'<h3>Location and contact information</h3><p>1537 North Elmira Street, <br />Sayre, PA 18840-9254<br /><strong>Phone:</strong> <a href="tel:+1570-888-6803">570-888-6803</a><br /><strong>Hours:</strong> Monday through Friday: 8:00a.m. to 4:30p.m. ET</p><h3>Appointments</h3><p>Contact us to schedule, reschedule, or cancel your appointment.  If a referral is required, you will need to contact your primary care provider first.</p><p><strong>Referral needed? </strong> N<br /><strong>Walk-ins accepted?</strong> N<br /><strong>Phone: </strong><a href="tel:+1570-888-6803">570-888-6803</a> </p>';'VA Wilkes-Barre health care'
'VAMC-FY-26';'Sayre VA Clinic';'Primary Care at VA Wilkes-Barre health care';'<h3>Location and contact information</h3><p class="va-address-block"><strong></strong><br />1537 North Elmira Street, <br />Sayre, PA 18840-9254<br /><strong>Phone:</strong> <a href="tel:+1570-888-6803">570-888-6803</a><br /><strong>Hours:</strong> Monday through Friday: 8:00a.m. to 4:30p.m. ET</p><h3>Appointments</h3><p>Contact us to schedule, reschedule, or cancel your appointment.  If a referral is required, you will need to contact your primary care provider first.</p><p><strong>Referral needed? </strong> N<br /><strong>Walk-ins accepted?</strong> Y<br /><strong>Phone: </strong><a href="tel:+1570-888-6803">570-888-6803</a> </p>';'VA Wilkes-Barre health care'
'VAMC-FY-27';'Sayre VA Clinic';'Social Work at VA Wilkes-Barre health care';'<h3>Location and contact information</h3><p class="va-address-block"><strong></strong><br />1537 North Elmira Street, <br />Sayre, PA 18840-9254<br /><strong>Phone:</strong> <a href="tel:+1570-888-6803">570-888-6803</a><br /><strong>Hours:</strong> Monday through Friday: 8:00a.m. to 4:30p.m. ET</p><h3>Appointments</h3><p>Contact us to schedule, reschedule, or cancel your appointment.  If a referral is required, you will need to contact your primary care provider first.</p><p><strong>Referral needed? </strong> N<br /><strong>Walk-ins accepted?</strong> Y<br /><strong>Phone: </strong><a href="tel:+1570-888-6803">570-888-6803</a> </p>';'VA Wilkes-Barre health care'
'VAMC-FY-28';'Sayre VA Clinic';'Nutrition, food, and dietary at VA Wilkes-Barre health care';'<h3>Location and contact information</h3><p class="va-address-block"><strong></strong><br />1537 North Elmira Street", <br />Sayre," PA 18840-9254<br /><strong>Phone:</strong> <a href="tel:+1570-888-6803">570-888-6803</a><br /><strong>Hours:</strong> Monday through Friday: 8:00a.m. to 4:30p.m. ET</p><h3>Appointments</h3><p>Contact us to schedule", reschedule, or cancel your appointment.  If a referral is required," you will need to contact your primary care provider first.</p><p><strong>Referral needed? </strong> N<br /><strong>Walk-ins accepted?</strong> N<br /><strong>Phone: </strong><a href="tel:+1570-888-6803">570-888-6803</a> </p>';'VA Wilkes-Barre health care'
'VAMC-FY-29';'Sayre VA Clinic';'Ophthalmology at VA Wilkes-Barre health care';'<h3>Location and contact information</h3><p class="va-address-block"><strong></strong><br />1537 North Elmira Street", <br />Sayre," PA 18840-9254<br /><strong>Phone:</strong> <a href="tel:+1570-888-6803">570-888-6803</a><br /><strong>Hours:</strong> Monday through Friday: 8:00a.m. to 4:30p.m. ET</p><h3>Appointments</h3><p>Contact us to schedule", reschedule, or cancel your appointment.  If a referral is required," you will need to contact your primary care provider first.</p><p><strong>Referral needed? </strong> Y<br /><strong>Walk-ins accepted?</strong> N<br /><strong>Phone: </strong><a href="tel:+1570-888-6803">570-888-6803</a> </p>';'VA Wilkes-Barre health care'
'VAMC-FY-30';'Sayre VA Clinic';'Women Veteran care at VA Wilkes-Barre health care';'<h3>Location and contact information</h3><p class="va-address-block"><strong></strong><br />1537 North Elmira Street, <br />Sayre, PA 18840-9254<br /><strong>Phone:</strong> <a href="tel:+1570-888-6803">570-888-6803</a><br /><strong>Hours:</strong> Monday through Friday: 8:00a.m. to 4:30p.m. ET</p><h3>Appointments</h3><p>Contact us to schedule, reschedule, or cancel your appointment.  If a referral is required, you will need to contact your primary care provider first.</p><p><strong>Referral needed? </strong> N<br /><strong>Walk-ins accepted?</strong> Y<br /><strong>Phone: </strong><a href="tel:+1570-888-6803">570-888-6803</a> </p>';'VA Wilkes-Barre health care'
'VAMC-FY-31';'Tobyhanna VA Clinic';'Laboratory and pathology at VA Wilkes-Barre health care';'<h3>Location and contact information</h3><p class="va-address-block"><strong>Tobyhanna Army Depot, </strong><br />Building 220, <br />Tobyhanna, PA 18466-5000<br /><strong>Phone:</strong> <a href="tel:+1570-615-8341">570-615-8341</a><br /><strong>Hours:</strong> Wednesday through Friday: 8:00a.m. to 4:30p.m. ET</p><h3>Appointments</h3><p>Contact us to schedule, reschedule, or cancel your appointment.  If a referral is required, you will need to contact your primary care provider first.</p><p><strong>Referral needed? </strong> Y<br /><strong>Walk-ins accepted?</strong> N<br /><strong>Phone: </strong><a href="tel:+1570-615-8341">570-615-8341</a> </p>';'VA Wilkes-Barre health care'
'VAMC-FY-32';'Tobyhanna VA Clinic';'Primary Care at VA Wilkes-Barre health care';'<h3>Location and contact information</h3><p class="va-address-block"><strong>Tobyhanna Army Depot, </strong><br />Building 220, <br />Tobyhanna, PA 18466-5000<br /><strong>Phone:</strong> <a href="tel:+1570-615-8341">570-615-8341</a><br /><strong>Hours:</strong> Wednesday through Friday: 8:00a.m. to 4:30p.m. ET</p><h3>Appointments</h3><p>Contact us to schedule, reschedule, or cancel your appointment.  If a referral is required, you will need to contact your primary care provider first.</p><p><strong>Referral needed? </strong> N<br /><strong>Walk-ins accepted?</strong> Y<br /><strong>Phone: </strong><a href="tel:+1570-615-8341">570-615-8341</a> </p>';'VA Wilkes-Barre health care'
'VAMC-FY-33';'Tobyhanna VA Clinic';'Mental health care at VA Wilkes-Barre health care';'<h3>Location and contact information</h3><p class="va-address-block"><strong>Tobyhanna Army Depot", </strong><br />Building 220, <br />Tobyhanna," PA 18466-5000<br /><strong>Phone:</strong> <a href="tel:+1570-615-8341">570-615-8341</a><br /><strong>Hours:</strong> Wednesday through Friday: 8:00a.m. to 4:30p.m. ET</p><h3>Appointments</h3><p>Contact us to schedule", reschedule, or cancel your appointment.  If a referral is required," you will need to contact your primary care provider first.</p><p><strong>Referral needed? </strong> Y<br /><strong>Walk-ins accepted?</strong> N<br /><strong>Phone: </strong><a href="tel:+1570-615-8341">570-615-8341</a> </p>';'VA Wilkes-Barre health care'
'VAMC-FY-34';'Tobyhanna VA Clinic';'Nutrition, food, and dietary at VA Wilkes-Barre health care';'<h3>Location and contact information</h3><p class="va-address-block"><strong>Tobyhanna Army Depot", </strong><br />Building 220, <br />Tobyhanna," PA 18466-5000<br /><strong>Phone:</strong> <a href="tel:+1570-615-8341">570-615-8341</a><br /><strong>Hours:</strong> Wednesday through Friday: 8:00a.m. to 4:30p.m. ET</p><h3>Appointments</h3><p>Contact us to schedule", reschedule, or cancel your appointment.  If a referral is required," you will need to contact your primary care provider first.</p><p><strong>Referral needed? </strong> N<br /><strong>Walk-ins accepted?</strong> N<br /><strong>Phone: </strong><a href="tel:+1570-615-8341">570-615-8341</a> </p>';'VA Wilkes-Barre health care'
'VAMC-FY-35';'Tobyhanna VA Clinic';'Social work at VA Wilkes-Barre health care';'<h3>Location and contact information</h3><p class="va-address-block"><strong>Tobyhanna Army Depot", </strong><br />Building 220, <br />Tobyhanna," PA 18466-5000<br /><strong>Phone:</strong> <a href="tel:+1570-615-8341">570-615-8341</a><br /><strong>Hours:</strong> Wednesday through Friday: 8:00a.m. to 4:30p.m. ET</p><h3>Appointments</h3><p>Contact us to schedule", reschedule, or cancel your appointment.  If a referral is required," you will need to contact your primary care provider first.</p><p><strong>Referral needed? </strong> N<br /><strong>Walk-ins accepted?</strong> Y<br /><strong>Phone: </strong><a href="tel:+1570-615-8341">570-615-8341</a> </p>';'VA Wilkes-Barre health care'
'VAMC-FY-36';'Wayne County VA Clinic';'Cardiology at VA Wilkes-Barre health care';'<h3>Location and contact information</h3><p class="va-address-block"><strong>Wayne Memorial Health Systems Complex, </strong><br />600 Maple Avenue, <br />Suite 2, <br />Honesdale, PA 18431-1439<br /><strong>Phone:</strong> <a href="tel:+1570-251-6549">570-251-6549</a><br /><strong>Hours:</strong> Monday through Friday: 7:30a.m. to 4:00p.m. ET</p><h3>Appointments</h3><p>Contact us to schedule, reschedule, or cancel your appointment.  If a referral is required, you will need to contact your primary care provider first.</p><p><strong>Referral needed? </strong> Y<br /><strong>Walk-ins accepted?</strong> N<br /><strong>Phone: </strong><a href="tel:+1570-251-6549">570-251-6549</a> </p>';'VA Wilkes-Barre health care'
'VAMC-FY-37';'Wayne County VA Clinic';'Hematology/oncology at VA Wilkes-Barre health care';'<h3>Location and contact information</h3><p class="va-address-block"><strong>Wayne Memorial Health Systems Complex, </strong><br />600 Maple Avenue, <br />Suite 2, <br />Honesdale, PA 18431-1439<br /><strong>Phone:</strong> <a href="tel:+1570-251-6549">570-251-6549</a><br /><strong>Hours:</strong> Monday through Friday: 7:30a.m. to 4:00p.m. ET</p><h3>Appointments</h3><p>Contact us to schedule, reschedule, or cancel your appointment.  If a referral is required, you will need to contact your primary care provider first.</p><p><strong>Referral needed? </strong> Y<br /><strong>Walk-ins accepted?</strong> N<br /><strong>Phone: </strong><a href="tel:+1570-251-6549">570-251-6549</a> </p>';'VA Wilkes-Barre health care'
'VAMC-FY-38';'Wayne County VA Clinic';'Laboratory and pathology at VA Wilkes-Barre health care';'<h3>Location and contact information</h3><p class="va-address-block"><strong>Wayne Memorial Health Systems Complex, </strong><br />600 Maple Avenue, <br />Suite 2, <br />Honesdale, PA 18431-1439<br /><strong>Phone:</strong> <a href="tel:+1570-251-6549">570-251-6549</a><br /><strong>Hours:</strong> Monday through Friday: 7:30a.m. to 4:00p.m. ET</p><h3>Appointments</h3><p>Contact us to schedule, reschedule, or cancel your appointment.  If a referral is required, you will need to contact your primary care provider first.</p><p><strong>Referral needed? </strong> Y<br /><strong>Walk-ins accepted?</strong> N<br /><strong>Phone: </strong><a href="tel:+1570-251-6549">570-251-6549</a> </p>';'VA Wilkes-Barre health care'
'VAMC-FY-39';'Wayne County VA Clinic';'Primary Care at VA Wilkes-Barre health care';'<h3>Location and contact information</h3><p class="va-address-block"><strong>Wayne Memorial Health Systems Complex, </strong><br />600 Maple Avenue, <br />Suite 2, <br />Honesdale, PA 18431-1439<br /><strong>Phone:</strong> <a href="tel:+1570-251-6549">570-251-6549</a><br /><strong>Hours:</strong> Monday through Friday: 7:30a.m. to 4:00p.m. ET</p><h3>Appointments</h3><p>Contact us to schedule, reschedule, or cancel your appointment.  If a referral is required, you will need to contact your primary care provider first.</p><p><strong>Referral needed? </strong> N<br /><strong>Walk-ins accepted?</strong> Y<br /><strong>Phone: </strong><a href="tel:+1570-251-6549">570-251-6549</a> </p>';'VA Wilkes-Barre health care'
'VAMC-FY-40';'Wayne County VA Clinic';'Telehealth at VA Wilkes-Barre health care';'<h3>Location and contact information</h3><p class="va-address-block"><strong>Wayne Memorial Health Systems Complex, </strong><br />600 Maple Avenue, <br />Suite 2, <br />Honesdale, PA 18431-1439<br /><strong>Phone:</strong> <a href="tel:+1570-251-6549">570-251-6549</a><br /><strong>Hours:</strong> Monday through Friday: 7:30a.m. to 4:00p.m. ET</p><h3>Appointments</h3><p>Contact us to schedule, reschedule, or cancel your appointment.  If a referral is required, you will need to contact your primary care provider first.</p><p><strong>Referral needed? </strong> Y<br /><strong>Walk-ins accepted?</strong> Y<br /><strong>Phone: </strong><a href="tel:+1570-251-6549">570-251-6549</a> </p>';'VA Wilkes-Barre health care'
'VAMC-FY-41';'Wayne County VA Clinic';'Women Veteran care at VA Wilkes-Barre health care';'<h3>Location and contact information</h3><p class="va-address-block"><strong>Wayne Memorial Health Systems Complex, </strong><br />600 Maple Avenue, <br />Suite 2, <br />Honesdale, PA 18431-1439<br /><strong>Phone:</strong> <a href="tel:+1570-251-6549">570-251-6549</a><br /><strong>Hours:</strong> Monday through Friday: 7:30a.m. to 4:00p.m. ET</p><h3>Appointments</h3><p>Contact us to schedule, reschedule, or cancel your appointment.  If a referral is required, you will need to contact your primary care provider first.</p><p><strong>Referral needed? </strong> Y<br /><strong>Walk-ins accepted?</strong> Y<br /><strong>Phone: </strong><a href="tel:+1570-251-6549">570-251-6549</a> </p>';'VA Wilkes-Barre health care'
'VAMC-FY-42';'Wilkes-Barre VA Medical Center';'Addiction and substance abuse treatment at VA Wilkes-Barre health care';'<h3>Location and contact information</h3><p class="va-address-block"><strong>Main Building,  </strong><br />Room C8-77<br /><a data-entity-substitution="canonical" data-entity-type="node" data-entity-uuid="4lbda239-aca4-4934-b950-a26712c730bc" href="/node/3066">Map of Wilkes-Barre campus</a><br /><strong>Phone:</strong> <a href="tel:+1570-824-3521">570-824-3521</a>, ext. 27697<br /><strong>Hours:</strong> Monday through Friday: 8:00 a.m. to 4:30 p.m ET</p><h3>Appointments</h3><p>Contact us to schedule, reschedule, or cancel your appointment.  If a referral is required, you will need to contact your primary care provider first.</p><p><strong>Referral needed? </strong> N<br /><strong>Walk-ins accepted?</strong> Y<br /><strong>Phone: </strong><a href="tel:+1570-824-3521">570-824-3521</a> </p>';'VA Wilkes-Barre health care'
'VAMC-FY-43';'Wilkes-Barre VA Medical Center';'Audiology and speech at VA Wilkes-Barre health care';'<h3>Location and contact information</h3><p class="va-address-block"><strong>Building 1 </strong><br />8th Floor<br /><a data-entity-substitution="canonical" data-entity-type="node" data-entity-uuid="4lbda239-aca4-4934-b950-a26712c730bc" href="/node/3066">Map of Wilkes-Barre campus</a><br /><strong>Phone:</strong> <a href="tel:+1570-824-3521">570-824-3521</a>, ext. 27709<br /><strong>Hours:</strong> Monday through Friday: 8:00 a.m. to 4:30 p.m ET</p><h3>Appointments</h3><p>Contact us to schedule, reschedule, or cancel your appointment.  If a referral is required, you will need to contact your primary care provider first.</p><p><strong>Referral needed? </strong> N<br /><strong>Walk-ins accepted?</strong> Y<br /><strong>Phone: </strong><a href="tel:+1570-824-3521">570-824-3521</a> </p>';'VA Wilkes-Barre health care'
'VAMC-FY-44';'Wilkes-Barre VA Medical Center';'Caregiver Support at VA Wilkes-Barre health care';'<h3>Location and contact information</h3><p class="va-address-block"><strong>Main Building,  </strong><br />Room C8-77<br /><a data-entity-substitution="canonical" data-entity-type="node" data-entity-uuid="4lbda239-aca4-4934-b950-a26712c730bc" href="/node/3066">Map of Wilkes-Barre campus</a><br /><strong>Phone:</strong> <a href="tel:+1570-824-3521">570-824-3521</a>, ext. 27697<br /><strong>Hours:</strong> Monday through Friday: 8:00 a.m. to 4:30 p.m ET</p><h3>Appointments</h3><p>Contact us to schedule, reschedule, or cancel your appointment.  If a referral is required, you will need to contact your primary care provider first.</p><p><strong>Referral needed? </strong> N<br /><strong>Walk-ins accepted?</strong> Y<br /><strong>Phone: </strong><a href="tel:+1570-824-3521">570-824-3521</a> </p>';'VA Wilkes-Barre health care'
'VAMC-FY-45';'Wilkes-Barre VA Medical Center';'Dental/oral surgery at VA Wilkes-Barre health care';'<h3>Location and contact information</h3><p class="va-address-block"><strong>1ST Floor,</strong><br />Green Area<br /><a data-entity-substitution="canonical" data-entity-type="node" data-entity-uuid="4lbda239-aca4-4934-b950-a26712c730bc" href="/node/3066">Map of Wilkes-Barre campus</a><br /><strong>Phone:</strong> <a href="tel:+1570-824-3521">570-824-3521</a>, ext. 27231<br /><strong>Hours:</strong> Monday through Friday: 8:00 a.m. to 4:30 p.m ET</p><h3>Appointments</h3><p>Contact us to schedule, reschedule, or cancel your appointment.  If a referral is required, you will need to contact your primary care provider first.</p><p><strong>Referral needed? </strong> N<br /><strong>Walk-ins accepted?</strong> Y<br /><strong>Phone: </strong><a href="tel:+1570-824-3521">570-824-3521</a> </p>';'VA Wilkes-Barre health care'
'VAMC-FY-46';'Wilkes-Barre VA Medical Center';'Extended Care and Rehabilitation at VA Wilkes-Barre health care';'<h3>Location and contact information</h3><p class="va-address-block"><strong>Building 1,</strong><br />7th Floor,<br /><a data-entity-substitution="canonical" data-entity-type="node" data-entity-uuid="4lbda239-aca4-4934-b950-a26712c730bc" href="/node/3066">Map of Wilkes-Barre campus</a><br /><strong>Phone:</strong> <a href="tel:+1570-824-3521">570-824-3521</a>, ext. 27915<br /><strong>Hours:</strong> Monday through Friday: 8:00 a.m. to 4:30 p.m ET</p><h3>Appointments</h3><p>Contact us to schedule, reschedule, or cancel your appointment.  If a referral is required, you will need to contact your primary care provider first.</p><p><strong>Referral needed? </strong> Y<br /><strong>Walk-ins accepted?</strong> Y<br /><strong>Phone: </strong><a href="tel:+1570-824-3521">570-824-3521</a> , ext. 27308, , ext. 27120</p>';'VA Wilkes-Barre health care'
'VAMC-FY-47';'Wilkes-Barre VA Medical Center';'Geriatrics at VA Wilkes-Barre health care';'<h3>Location and contact information</h3><p class="va-address-block"><strong>Building 1,</strong><br /> CLC<br /><a data-entity-substitution="canonical" data-entity-type="node" data-entity-uuid="4lbda239-aca4-4934-b950-a26712c730bc" href="/node/3066">Map of Wilkes-Barre campus</a><br /><strong>Phone:</strong> <a href="tel:+1570-824-3521">570-824-3521</a>, ext. 27670<br /><strong>Hours:</strong> Monday through Friday: 8:00 a.m. to 4:30 p.m ET</p><h3>Appointments</h3><p>Contact us to schedule, reschedule, or cancel your appointment.  If a referral is required, you will need to contact your primary care provider first.</p><p><strong>Referral needed? </strong> Y<br /><strong>Walk-ins accepted?</strong> N<br /><strong>Phone: </strong><a href="tel:+1570-824-3521">570-824-3521</a> </p>';'VA Wilkes-Barre health care'
'VAMC-FY-48';'Wilkes-Barre VA Medical Center';'Gynecology at VA Wilkes-Barre health care';'<h3>Location and contact information</h3><p class="va-address-block"><strong>Building 1,</strong><br />Womens Clinic<br /><a data-entity-substitution="canonical" data-entity-type="node" data-entity-uuid="4lbda239-aca4-4934-b950-a26712c730bc" href="/node/3066">Map of Wilkes-Barre campus</a><br /><strong>Phone:</strong> <a href="tel:+1570-824-3521">570-824-3521</a>, ext. 24480<br /><strong>Hours:</strong> Monday through Friday: 8:00 a.m. to 4:30 p.m ET</p><h3>Appointments</h3><p>Contact us to schedule, reschedule, or cancel your appointment.  If a referral is required, you will need to contact your primary care provider first.</p><p><strong>Referral needed? </strong> Y<br /><strong>Walk-ins accepted?</strong> N<br /><strong>Phone: </strong><a href="tel:+1570-824-3521">570-824-3521</a> </p>';'VA Wilkes-Barre health care'
'VAMC-FY-49';'Wilkes-Barre VA Medical Center';'Hematology/oncology at VA Wilkes-Barre health care';'<h3>Location and contact information</h3><p class="va-address-block"><strong>Building 1</strong><br />4th Floor<br /><a data-entity-substitution="canonical" data-entity-type="node" data-entity-uuid="4lbda239-aca4-4934-b950-a26712c730bc" href="/node/3066">Map of Wilkes-Barre campus</a><br /><strong>Phone:</strong> <a href="tel:+1570-824-3521">570-824-3521</a><br /><strong>Hours:</strong> Monday through Friday: 8:00 a.m. to 4:30 p.m ET</p><h3>Appointments</h3><p>Contact us to schedule, reschedule, or cancel your appointment.  If a referral is required, you will need to contact your primary care provider first.</p><p><strong>Referral needed? </strong> Y<br /><strong>Walk-ins accepted?</strong> Y<br /><strong>Phone: </strong><a href="tel:+1570-824-3521">570-824-3521</a> </p>';'VA Wilkes-Barre health care'
'VAMC-FY-50';'Wilkes-Barre VA Medical Center';'Homeless Veteran care at VA Wilkes-Barre health care';'<h3>Location and contact information</h3><p class="va-address-block"><strong>Main Building,  </strong><br />Room C8-77<br /><a data-entity-substitution="canonical" data-entity-type="node" data-entity-uuid="4lbda239-aca4-4934-b950-a26712c730bc" href="/node/3066">Map of Wilkes-Barre campus</a><br /><strong>Phone:</strong> <a href="tel:+1570-824-3521">570-824-3521</a>, ext. 27697<br /><strong>Hours:</strong> Monday through Friday: 8:00 a.m. to 4:30 p.m ET</p><h3>Appointments</h3><p>Contact us to schedule, reschedule, or cancel your appointment.  If a referral is required, you will need to contact your primary care provider first.</p><p><strong>Referral needed? </strong> N<br /><strong>Walk-ins accepted?</strong> Y<br /><strong>Phone: </strong><a href="tel:+1570-824-3521">570-824-3521</a> </p>';'VA Wilkes-Barre health care'
'VAMC-FY-51';'Wilkes-Barre VA Medical Center';'Laboratory and pathology at VA Wilkes-Barre health care';'<h3>Location and contact information</h3><p class="va-address-block"><strong>Building 1,</strong><br />3rd Floor,<br /> Room N3-75<br /><a data-entity-substitution="canonical" data-entity-type="node" data-entity-uuid="4lbda239-aca4-4934-b950-a26712c730bc" href="/node/3066">Map of Wilkes-Barre campus</a><br /><strong>Phone:</strong> <a href="tel:+1570-824-3521">570-824-3521</a>, ext. 24310<br /><strong>Hours:</strong> Monday through Friday: 6:00 a.m. to 4:15 p.m ET</p><h3>Appointments</h3><p>Contact us to schedule, reschedule, or cancel your appointment.  If a referral is required, you will need to contact your primary care provider first.</p><p><strong>Referral needed? </strong> Y<br /><strong>Walk-ins accepted?</strong> Y<br /><strong>Phone: </strong><a href="tel:+1570-824-3521">570-824-3521</a> , ext.  24240</p>';'VA Wilkes-Barre health care'
'VAMC-FY-52';'Wilkes-Barre VA Medical Center';'LGBT Veteran care at VA Wilkes-Barre health care';'<h3>Location and contact information</h3><p class="va-address-block"><strong>Main Building,  </strong><br />Room C8-77<br /><a data-entity-substitution="canonical" data-entity-type="node" data-entity-uuid="4lbda239-aca4-4934-b950-a26712c730bc" href="/node/3066">Map of Wilkes-Barre campus</a><br /><strong>Phone:</strong> <a href="tel:+1570-824-3521">570-824-3521</a>, ext. 27697<br /><strong>Hours:</strong> Monday through Friday: 6:00 a.m. to 4:15 p.m ET</p><h3>Appointments</h3><p>Contact us to schedule, reschedule, or cancel your appointment.  If a referral is required, you will need to contact your primary care provider first.</p><p><strong>Referral needed? </strong> N<br /><strong>Walk-ins accepted?</strong> Y<br /><strong>Phone: </strong><a href="tel:+1570-824-3521">570-824-3521</a> </p>';'VA Wilkes-Barre health care'
'VAMC-FY-53';'Wilkes-Barre VA Medical Center';'Low Vision and blind rehabilitation at VA Wilkes-Barre health care';'<h3>Location and contact information</h3><p class="va-address-block"><strong>Building 1, </strong><br />3rd Floor<br /><a data-entity-substitution="canonical" data-entity-type="node" data-entity-uuid="4lbda239-aca4-4934-b950-a26712c730bc" href="/node/3066">Map of Wilkes-Barre campus</a><br /><strong>Phone:</strong> <a href="tel:+1570-824-3521">570-824-3521</a>, ext. 27464<br /><strong>Hours:</strong> Monday through Friday: 8:00 a.m. to 4:30 p.m ET</p><h3>Appointments</h3><p>Contact us to schedule, reschedule, or cancel your appointment.  If a referral is required, you will need to contact your primary care provider first.</p><p><strong>Referral needed? </strong> N<br /><strong>Walk-ins accepted?</strong> Y<br /><strong>Phone: </strong><a href="tel:+1570-824-3521">570-824-3521</a> </p>';'VA Wilkes-Barre health care'
'VAMC-FY-54';'Wilkes-Barre VA Medical Center';'Mental health care at VA Wilkes-Barre health care';'<h3>Location and contact information</h3><p class="va-address-block"><strong>Mental Health Clinic, </strong><br />1 East<br /><a data-entity-substitution="canonical" data-entity-type="node" data-entity-uuid="4lbda239-aca4-4934-b950-a26712c730bc" href="/node/3066">Map of Wilkes-Barre campus</a><br /><strong>Phone:</strong> <a href="tel:+1570-824-3521">570-824-3521</a>, ext. 27738<br /><strong>Hours:</strong> Monday through Friday: 8:00 a.m. to 4:30 p.m ET</p><h3>Appointments</h3><p>Contact us to schedule, reschedule, or cancel your appointment.  If a referral is required, you will need to contact your primary care provider first.</p><p><strong>Referral needed? </strong> Y<br /><strong>Walk-ins accepted?</strong> N<br /><strong>Phone: </strong><a href="tel:+1570-824-3521">570-824-3521</a> </p>';'VA Wilkes-Barre health care'
'VAMC-FY-55';'Wilkes-Barre VA Medical Center';'Military Sexual Trauma at VA Wilkes-Barre health care';'<h3>Location and contact information</h3><p class="va-address-block"><strong>Main Building, </strong><br /> Room C8-77<br /><a data-entity-substitution="canonical" data-entity-type="node" data-entity-uuid="4lbda239-aca4-4934-b950-a26712c730bc" href="/node/3066">Map of Wilkes-Barre campus</a><br /><strong>Phone:</strong> <a href="tel:+1570-824-3521">570-824-3521</a>, ext. 27697<br /><strong>Hours:</strong> Monday through Friday: 6:00 a.m. to 4:15 p.m ET</p><h3>Appointments</h3><p>Contact us to schedule, reschedule, or cancel your appointment.  If a referral is required, you will need to contact your primary care provider first.</p><p><strong>Referral needed? </strong> N<br /><strong>Walk-ins accepted?</strong> Y<br /><strong>Phone: </strong><a href="tel:+1570-824-3521">570-824-3521</a> </p>';'VA Wilkes-Barre health care'
'VAMC-FY-56';'Wilkes-Barre VA Medical Center';'Minority Veteran Care at VA Wilkes-Barre health care';'<h3>Location and contact information</h3><p class="va-address-block"><strong>Main Building,  </strong><br />Room C8-77<br /><a data-entity-substitution="canonical" data-entity-type="node" data-entity-uuid="4lbda239-aca4-4934-b950-a26712c730bc" href="/node/3066">Map of Wilkes-Barre campus</a><br /><strong>Phone:</strong> <a href="tel:+1570-824-3521">570-824-3521</a>, ext. 27697<br /><strong>Hours:</strong> Monday through Friday: 6:00 a.m. to 4:15 p.m ET</p><h3>Appointments</h3><p>Contact us to schedule, reschedule, or cancel your appointment.  If a referral is required, you will need to contact your primary care provider first.</p><p><strong>Referral needed? </strong> N<br /><strong>Walk-ins accepted?</strong> Y<br /><strong>Phone: </strong><a href="tel:+1570-824-3521">570-824-3521</a> </p>';'VA Wilkes-Barre health care'
'VAMC-FY-57';'Wilkes-Barre VA Medical Center';'MOVE! weight management at VA Wilkes-Barre health care';'<h3>Location and contact information</h3><p class="va-address-block"><strong>FYP, </strong><br />2nd Floor, <br />Room A2-49<br /><a data-entity-substitution="canonical" data-entity-type="node" data-entity-uuid="4lbda239-aca4-4934-b950-a26712c730bc" href="/node/3066">Map of Wilkes-Barre campus</a><br /><strong>Phone:</strong> <a href="tel:+1570-824-3521">570-824-3521</a>, ext. 27817<br /><strong>Hours:</strong> Monday through Friday: 8:00 a.m. to 4:30 p.m ET</p><h3>Appointments</h3><p>Contact us to schedule, reschedule, or cancel your appointment.  If a referral is required, you will need to contact your primary care provider first.</p><p><strong>Referral needed? </strong> N<br /><strong>Walk-ins accepted?</strong> Y<br /><strong>Phone: </strong><a href="tel:+1570-824-3521">570-824-3521</a> </p>';'VA Wilkes-Barre health care'
'VAMC-FY-58';'Wilkes-Barre VA Medical Center';'My HealtheVet coordinator at VA Wilkes-Barre health care';'<h3>Location and contact information</h3><p class="va-address-block"><strong>Building 1,</strong><br />1st Floor<br /><a data-entity-substitution="canonical" data-entity-type="node" data-entity-uuid="4lbda239-aca4-4934-b950-a26712c730bc" href="/node/3066">Map of Wilkes-Barre campus</a><br /><strong>Phone:</strong> <a href="tel:+1570-824-3521">570-824-3521</a>, ext.  24219<br /><strong>Hours:</strong> Monday through Friday: 8:00 a.m. to 4:30 p.m ET</p><h3>Appointments</h3><p>Contact us to schedule, reschedule, or cancel your appointment.  If a referral is required, you will need to contact your primary care provider first.</p><p><strong>Referral needed? </strong> N<br /><strong>Walk-ins accepted?</strong> Y<br /><strong>Phone: </strong><a href="tel:+1570-824-3521">570-824-3521</a> </p>';'VA Wilkes-Barre health care'
'VAMC-FY-59';'Wilkes-Barre VA Medical Center';'Neurology at VA Wilkes-Barre health care';'<h3>Location and contact information</h3><p class="va-address-block"><strong>Building 1,</strong><br />3rd Floor, N/A<br /><a data-entity-substitution="canonical" data-entity-type="node" data-entity-uuid="4lbda239-aca4-4934-b950-a26712c730bc" href="/node/3066">Map of Wilkes-Barre campus</a><br /><strong>Phone:</strong> <a href="tel:+1570-824-3521">570-824-3521</a><br /><strong>Hours:</strong> Monday through Friday: 8:00 a.m. to 4:30 p.m ET</p><h3>Appointments</h3><p>Contact us to schedule, reschedule, or cancel your appointment.  If a referral is required, you will need to contact your primary care provider first.</p><p><strong>Referral needed? </strong> Y<br /><strong>Walk-ins accepted?</strong> Y<br /><strong>Phone: </strong><a href="tel:+1570-824-3521">570-824-3521</a> </p>';'VA Wilkes-Barre health care'
'VAMC-FY-60';'Wilkes-Barre VA Medical Center';'Nutrition, food, and dietary at VA Wilkes-Barre health care';'<h3>Location and contact information</h3><p class="va-address-block"><strong>FYP, </strong><br />2nd Floor, <br />Room A2-43<br /><a data-entity-substitution="canonical" data-entity-type="node" data-entity-uuid="4lbda239-aca4-4934-b950-a26712c730bc" href="/node/3066">Map of Wilkes-Barre campus</a><br /><strong>Phone:</strong> <a href="tel:+1570-824-3521">570-824-3521</a>, ext. 27694<br /><strong>Hours:</strong> Monday through Friday: 7:30 a.m. to 4:30 p.m ET</p><h3>Appointments</h3><p>Contact us to schedule, reschedule, or cancel your appointment.  If a referral is required, you will need to contact your primary care provider first.</p><p><strong>Referral needed? </strong> N<br /><strong>Walk-ins accepted?</strong> Y<br /><strong>Phone: </strong><a href="tel:+1570-824-3521">570-824-3521</a> </p>';'VA Wilkes-Barre health care'
'VAMC-FY-61';'Wilkes-Barre VA Medical Center';'Ophthalmology at VA Wilkes-Barre health care';'<h3>Location and contact information</h3><p class="va-address-block"><strong>Building 1, </strong><br />3rd Floor <br /><a data-entity-substitution="canonical" data-entity-type="node" data-entity-uuid="4lbda239-aca4-4934-b950-a26712c730bc" href="/node/3066">Map of Wilkes-Barre campus</a><br /><strong>Phone:</strong> <a href="tel:+1570-824-3521">570-824-3521</a>, ext. 27503<br /><strong>Hours:</strong> Monday through Friday: 8:00 a.m. to 4:30 p.m ET</p><h3>Appointments</h3><p>Contact us to schedule, reschedule, or cancel your appointment.  If a referral is required, you will need to contact your primary care provider first.</p><p><strong>Referral needed? </strong> Y<br /><strong>Walk-ins accepted?</strong> N<br /><strong>Phone: </strong><a href="tel:+1570-824-3521">570-824-3521</a> , ext. 27504, , ext. 27692</p>';'VA Wilkes-Barre health care'
'VAMC-FY-62';'Wilkes-Barre VA Medical Center';'Optometry at VA Wilkes-Barre health care';'<h3>Location and contact information</h3><p class="va-address-block"><strong>Building 1, </strong><br />3rd Floor <br /><a data-entity-substitution="canonical" data-entity-type="node" data-entity-uuid="4lbda239-aca4-4934-b950-a26712c730bc" href="/node/3066">Map of Wilkes-Barre campus</a><br /><strong>Phone:</strong> <a href="tel:+1570-824-3521">570-824-3521</a>, ext. 27849<br /><strong>Hours:</strong> Monday through Friday: 8:00 a.m. to 4:30 p.m ET</p><h3>Appointments</h3><p>Contact us to schedule, reschedule, or cancel your appointment.  If a referral is required, you will need to contact your primary care provider first.</p><p><strong>Referral needed? </strong> N<br /><strong>Walk-ins accepted?</strong> N<br /><strong>Phone: </strong><a href="tel:+1570-824-3521">570-824-3521</a> </p>';'VA Wilkes-Barre health care'
'VAMC-FY-63';'Wilkes-Barre VA Medical Center';'Orthopedics at VA Wilkes-Barre health care';'<h3>Location and contact information</h3><p class="va-address-block"><strong>Building 1, </strong><br />5th Floor, 5 EAST <br /><a data-entity-substitution="canonical" data-entity-type="node" data-entity-uuid="4lbda239-aca4-4934-b950-a26712c730bc" href="/node/3066">Map of Wilkes-Barre campus</a><br /><strong>Phone:</strong> <a href="tel:+1570-824-3521">570-824-3521</a>, ext. 27963<br /><strong>Hours:</strong> Monday through Friday: 8:00 a.m. to 4:30 p.m ET</p><h3>Appointments</h3><p>Contact us to schedule, reschedule, or cancel your appointment.  If a referral is required, you will need to contact your primary care provider first.</p><p><strong>Referral needed? </strong> N<br /><strong>Walk-ins accepted?</strong> N<br /><strong>Phone: </strong><a href="tel:+1570-824-3521">570-824-3521</a> </p>';'VA Wilkes-Barre health care'
'VAMC-FY-64';'Wilkes-Barre VA Medical Center';'Pain Management at VA Wilkes-Barre health care';'<h3>Location and contact information</h3><p class="va-address-block"><strong>Building 1, </strong><br /> 5th Floor<br /><a data-entity-substitution="canonical" data-entity-type="node" data-entity-uuid="4lbda239-aca4-4934-b950-a26712c730bc" href="/node/3066">Map of Wilkes-Barre campus</a><br /><strong>Phone:</strong> <a href="tel:+1570-824-3521">570-824-3521</a>, ext.  27990<br /><strong>Hours:</strong> Monday through Friday: 8:00 a.m. to 4:30 p.m ET</p><h3>Appointments</h3><p>Contact us to schedule, reschedule, or cancel your appointment.  If a referral is required, you will need to contact your primary care provider first.</p><p><strong>Referral needed? </strong> Y<br /><strong>Walk-ins accepted?</strong> N<br /><strong>Phone: </strong><a href="tel:+1570-824-3521">570-824-3521</a> , ext. 27814, , ext. 27815</p>';'VA Wilkes-Barre health care'
'VAMC-FY-65';'Wilkes-Barre VA Medical Center';'Palliative and hospice care at VA Wilkes-Barre health care';'<h3>Location and contact information</h3><p class="va-address-block"><strong>Main Building,  </strong><br />Room C8-77<br /><a data-entity-substitution="canonical" data-entity-type="node" data-entity-uuid="4lbda239-aca4-4934-b950-a26712c730bc" href="/node/3066">Map of Wilkes-Barre campus</a><br /><strong>Phone:</strong> <a href="tel:+1570-824-3521">570-824-3521</a>, ext. 27697<br /><strong>Hours:</strong> Monday through Friday: 8:00 a.m. to 4:30 p.m ET</p><h3>Appointments</h3><p>Contact us to schedule, reschedule, or cancel your appointment.  If a referral is required, you will need to contact your primary care provider first.</p><p><strong>Referral needed? </strong> N<br /><strong>Walk-ins accepted?</strong> Y<br /><strong>Phone: </strong><a href="tel:+1570-824-3521">570-824-3521</a> </p>';'VA Wilkes-Barre health care'
'VAMC-FY-66';'Wilkes-Barre VA Medical Center';'Pharmacy at VA Wilkes-Barre health care';'<h3>Location and contact information</h3><p class="va-address-block"><strong>Basement, </strong><br />Room CG-91<br /><a data-entity-substitution="canonical" data-entity-type="node" data-entity-uuid="4lbda239-aca4-4934-b950-a26712c730bc" href="/node/3066">Map of Wilkes-Barre campus</a><br /><strong>Phone:</strong> <a href="tel:+1570-824-3521">570-824-3521</a>, ext. 24132<br /><strong>Hours:</strong> Monday through Wednesday,and Friday: 8:00 a.m. to 5:00 p.m., Thursday: 9:00 a.m. to 5:00 p.m. ET</p><h3>Appointments</h3><p>Contact us to schedule, reschedule, or cancel your appointment.  If a referral is required, you will need to contact your primary care provider first.</p><p><strong>Referral needed? </strong> N<br /><strong>Walk-ins accepted?</strong> Y<br /><strong>Phone: </strong><a href="tel:+1570-824-3521">570-824-3521</a> </p>';'VA Wilkes-Barre health care'
'VAMC-FY-67';'Wilkes-Barre VA Medical Center';'Physical therapy, occupational therapy and kinesiotherapy at VA Wilkes-Barre health care';'<h3>Location and contact information</h3><p class="va-address-block"><strong>Building 1,</strong><br />2nd Floor<br /><a data-entity-substitution="canonical" data-entity-type="node" data-entity-uuid="4lbda239-aca4-4934-b950-a26712c730bc" href="/node/3066">Map of Wilkes-Barre campus</a><br /><strong>Phone:</strong> <a href="tel:+1570-824-3521">570-824-3521</a>, ext. 27479<br /><strong>Hours:</strong> Monday through Friday: 8:00 a.m. to 4:30 p.m ET</p><h3>Appointments</h3><p>Contact us to schedule, reschedule, or cancel your appointment.  If a referral is required, you will need to contact your primary care provider first.</p><p><strong>Referral needed? </strong> Y<br /><strong>Walk-ins accepted?</strong> Y<br /><strong>Phone: </strong><a href="tel:+1570-824-3521">570-824-3521</a> </p>';'VA Wilkes-Barre health care'
'VAMC-FY-68';'Wilkes-Barre VA Medical Center';'Podiatry at VA Wilkes-Barre health care';'<h3>Location and contact information</h3><p class="va-address-block"><strong>Building 1, </strong><br />5 EAST, 5th Floor  <br /><a data-entity-substitution="canonical" data-entity-type="node" data-entity-uuid="4lbda239-aca4-4934-b950-a26712c730bc" href="/node/3066">Map of Wilkes-Barre campus</a><br /><strong>Phone:</strong> <a href="tel:+1570-824-3521">570-824-3521</a>, ext. 27962<br /><strong>Hours:</strong> Monday through Friday: 8:00 a.m. to 4:30 p.m ET</p><h3>Appointments</h3><p>Contact us to schedule, reschedule, or cancel your appointment.  If a referral is required, you will need to contact your primary care provider first.</p><p><strong>Referral needed? </strong> Y<br /><strong>Walk-ins accepted?</strong> Y<br /><strong>Phone: </strong><a href="tel:+1570-824-3521">570-824-3521</a> , ext. 27963, , ext. 27964</p>';'VA Wilkes-Barre health care'
'VAMC-FY-69';'Wilkes-Barre VA Medical Center';'Primary Care at VA Wilkes-Barre health care';'<h3>Location and contact information</h3><p class="va-address-block"><strong>Main Building , </strong><br />2 West<br /><a data-entity-substitution="canonical" data-entity-type="node" data-entity-uuid="4lbda239-aca4-4934-b950-a26712c730bc" href="/node/3066">Map of Wilkes-Barre campus</a><br /><strong>Phone:</strong> <a href="tel:+1570-824-3521">570-824-3521</a>, press 2<br /><strong>Hours:</strong> Monday through Friday: 8:00 a.m. to 4:30 p.m ET</p><h3>Appointments</h3><p>Contact us to schedule, reschedule, or cancel your appointment.  If a referral is required, you will need to contact your primary care provider first.</p><p><strong>Referral needed? </strong> N <br /><strong>Walk-ins accepted?</strong> Y<br /><strong>Phone: </strong><a href="tel:+1570-824-3521">570-824-3521</a> </p>';'VA Wilkes-Barre health care'
'VAMC-FY-70';'Wilkes-Barre VA Medical Center';'Radiation oncology at VA Wilkes-Barre health care';'<h3>Location and contact information</h3><p class="va-address-block"><strong>Main Building,  </strong><br />Room C2-224<br /><a data-entity-substitution="canonical" data-entity-type="node" data-entity-uuid="4lbda239-aca4-4934-b950-a26712c730bc" href="/node/3066">Map of Wilkes-Barre campus</a><br /><strong>Phone:</strong> <a href="tel:+1570-824-3521">570-824-3521</a>, ext. 27452<br /><strong>Hours:</strong> Monday through Friday: 8:00 a.m. to 4:30 p.m ET</p><h3>Appointments</h3><p>Contact us to schedule, reschedule, or cancel your appointment.  If a referral is required, you will need to contact your primary care provider first.</p><p><strong>Referral needed? </strong> N<br /><strong>Walk-ins accepted?</strong> N<br /><strong>Phone: </strong><a href="tel:+1570-824-3521">570-824-3521</a> </p>';'VA Wilkes-Barre health care'
'VAMC-FY-71';'Wilkes-Barre VA Medical Center';'Radiology at VA Wilkes-Barre health care';'<h3>Location and contact information</h3><p class="va-address-block"><strong>Building 1, </strong><br /><br /><a data-entity-substitution="canonical" data-entity-type="node" data-entity-uuid="4lbda239-aca4-4934-b950-a26712c730bc" href="/node/3066">Map of Wilkes-Barre campus</a><br /><strong>Phone:</strong> <a href="tel:+1570-824-3521">570-824-3521</a><br /><strong>Hours:</strong> Monday through Friday: 8:00 a.m. to 4:30 p.m ET</p><h3>Appointments</h3><p>Contact us to schedule, reschedule, or cancel your appointment.  If a referral is required, you will need to contact your primary care provider first.</p><p><strong>Referral needed? </strong> N<br /><strong>Walk-ins accepted?</strong> Y<br /><strong>Phone: </strong><a href="tel:+1570-824-3521">570-824-3521</a> </p>';'VA Wilkes-Barre health care'
'VAMC-FY-72';'Wilkes-Barre VA Medical Center';'Recreation and creative arts therapy at VA Wilkes-Barre health care';'<h3>Location and contact information</h3><p class="va-address-block"><strong>Main Building,  </strong><br />Room C2-121<br /><a data-entity-substitution="canonical" data-entity-type="node" data-entity-uuid="4lbda239-aca4-4934-b950-a26712c730bc" href="/node/3066">Map of Wilkes-Barre campus</a><br /><strong>Phone:</strong> <a href="tel:+1570-824-3521">570-824-3521</a>, ext. 24412<br /><strong>Hours:</strong> Monday through Friday: 8:00 a.m. to 4:30 p.m ET</p><h3>Appointments</h3><p>Contact us to schedule, reschedule, or cancel your appointment.  If a referral is required, you will need to contact your primary care provider first.</p><p><strong>Referral needed? </strong> Y<br /><strong>Walk-ins accepted?</strong> N<br /><strong>Phone: </strong><a href="tel:+1570-824-3521">570-824-3521</a> </p>';'VA Wilkes-Barre health care'
'VAMC-FY-73';'Wilkes-Barre VA Medical Center';'Rehabilitation and prosthetics at VA Wilkes-Barre health care';'<h3>Location and contact information</h3><p class="va-address-block"><strong>Building 1, </strong><br />2nd Floor<br /><a data-entity-substitution="canonical" data-entity-type="node" data-entity-uuid="4lbda239-aca4-4934-b950-a26712c730bc" href="/node/3066">Map of Wilkes-Barre campus</a><br /><strong>Phone:</strong> <a href="tel:+1570-824-3521">570-824-3521</a>, ext. 24804<br /><strong>Hours:</strong> Monday through Friday: 8:00 a.m. to 4:30 p.m ET</p><h3>Appointments</h3><p>Contact us to schedule, reschedule, or cancel your appointment.  If a referral is required, you will need to contact your primary care provider first.</p><p><strong>Referral needed? </strong> Y<br /><strong>Walk-ins accepted?</strong> Y<br /><strong>Phone: </strong><a href="tel:+1570-824-3521">570-824-3521</a> </p>';'VA Wilkes-Barre health care'
'VAMC-FY-74';'Wilkes-Barre VA Medical Center';'Returning service member care at VA Wilkes-Barre health care';'<h3>Location and contact information</h3><p class="va-address-block"><strong>Main Building,  </strong><br />Room C8-77<br /><a data-entity-substitution="canonical" data-entity-type="node" data-entity-uuid="4lbda239-aca4-4934-b950-a26712c730bc" href="/node/3066">Map of Wilkes-Barre campus</a><br /><strong>Phone:</strong> <a href="tel:+1570-824-3521">570-824-3521</a>, ext. 27697<br /><strong>Hours:</strong> Monday through Friday: 8:00 a.m. to 4:30 p.m ET</p><h3>Appointments</h3><p>Contact us to schedule, reschedule, or cancel your appointment.  If a referral is required, you will need to contact your primary care provider first.</p><p><strong>Referral needed? </strong> N<br /><strong>Walk-ins accepted?</strong> Y<br /><strong>Phone: </strong><a href="tel:+1570-824-3521">570-824-3521</a> </p>';'VA Wilkes-Barre health care'
'VAMC-FY-75';'Wilkes-Barre VA Medical Center';'Smoking and tobacco cessation at VA Wilkes-Barre health care';'<h3>Location and contact information</h3><p class="va-address-block"><strong>2 West Clinic</strong><br /><br /><a data-entity-substitution="canonical" data-entity-type="node" data-entity-uuid="4lbda239-aca4-4934-b950-a26712c730bc" href="/node/3066">Map of Wilkes-Barre campus</a><br /><strong>Phone:</strong> <a href="tel:+1570-824-3521">570-824-3521</a>, ext.  27760<br /><strong>Hours:</strong> Monday through Friday: 8:00 a.m. to 4:30 p.m ET</p><h3>Appointments</h3><p>Contact us to schedule, reschedule, or cancel your appointment.  If a referral is required, you will need to contact your primary care provider first.</p><p><strong>Referral needed? </strong> N<br /><strong>Walk-ins accepted?</strong> N<br /><strong>Phone: </strong><a href="tel:+1570-824-3521">570-824-3521</a> </p>';'VA Wilkes-Barre health care'
'VAMC-FY-76';'Wilkes-Barre VA Medical Center';'Social Work at VA Wilkes-Barre health care';'<h3>Location and contact information</h3><p class="va-address-block"><strong>Main Building,  </strong><br />Room C8-77<br /><a data-entity-substitution="canonical" data-entity-type="node" data-entity-uuid="4lbda239-aca4-4934-b950-a26712c730bc" href="/node/3066">Map of Wilkes-Barre campus</a><br /><strong>Phone:</strong> <a href="tel:+1570-824-3521">570-824-3521</a>, ext. 27697<br /><strong>Hours:</strong> Monday through Friday: 8:00 a.m. to 4:30 p.m ET</p><h3>Appointments</h3><p>Contact us to schedule, reschedule, or cancel your appointment.  If a referral is required, you will need to contact your primary care provider first.</p><p><strong>Referral needed? </strong> N<br /><strong>Walk-ins accepted?</strong> Y<br /><strong>Phone: </strong><a href="tel:+1570-824-3521">570-824-3521</a> </p>';'VA Wilkes-Barre health care'
'VAMC-FY-77';'Wilkes-Barre VA Medical Center';'Spinal cord injury and disorders at VA Wilkes-Barre health care';'<h3>Location and contact information</h3><p class="va-address-block"><strong>Main Building, </strong><br /> Room C8-77<br /><a data-entity-substitution="canonical" data-entity-type="node" data-entity-uuid="4lbda239-aca4-4934-b950-a26712c730bc" href="/node/3066">Map of Wilkes-Barre campus</a><br /><strong>Phone:</strong> <a href="tel:+1570-824-3521">570-824-3521</a>, ext. 27697<br /><strong>Hours:</strong> Monday through Friday: 8:00 a.m. to 4:30 p.m ET</p><h3>Appointments</h3><p>Contact us to schedule, reschedule, or cancel your appointment.  If a referral is required, you will need to contact your primary care provider first.</p><p><strong>Referral needed? </strong> N<br /><strong>Walk-ins accepted?</strong> Y<br /><strong>Phone: </strong><a href="tel:+1570-824-3521">570-824-3521</a> </p>';'VA Wilkes-Barre health care'
'VAMC-FY-78';'Wilkes-Barre VA Medical Center';'Suicide Prevention at VA Wilkes-Barre health care';'<h3>Location and contact information</h3><p class="va-address-block"><strong>Main Building,  </strong><br />Room C8-77<br /><a data-entity-substitution="canonical" data-entity-type="node" data-entity-uuid="4lbda239-aca4-4934-b950-a26712c730bc" href="/node/3066">Map of Wilkes-Barre campus</a><br /><strong>Phone:</strong> <a href="tel:+1570-824-3521">570-824-3521</a>, ext. 27697<br /><strong>Hours:</strong> Monday through Friday: 8:00 a.m. to 4:30 p.m ET</p><h3>Appointments</h3><p>Contact us to schedule, reschedule, or cancel your appointment.  If a referral is required, you will need to contact your primary care provider first.</p><p><strong>Referral needed? </strong> N<br /><strong>Walk-ins accepted?</strong> Y<br /><strong>Phone: </strong><a href="tel:+1570-824-3521">570-824-3521</a> </p>';'VA Wilkes-Barre health care'
'VAMC-FY-79';'Wilkes-Barre VA Medical Center';'Surgery at VA Wilkes-Barre health care';'<h3>Location and contact information</h3><p class="va-address-block"><strong>Building 1, </strong><br />5th Floor,  5 EAST <br /><a data-entity-substitution="canonical" data-entity-type="node" data-entity-uuid="4lbda239-aca4-4934-b950-a26712c730bc" href="/node/3066">Map of Wilkes-Barre campus</a><br /><strong>Phone:</strong> <a href="tel:+1570-824-3521">570-824-3521</a>, ext. 27963<br /><strong>Hours:</strong> Monday through Friday: 8:00 a.m. to 4:30 p.m ET</p><h3>Appointments</h3><p>Contact us to schedule, reschedule, or cancel your appointment.  If a referral is required, you will need to contact your primary care provider first.</p><p><strong>Referral needed? </strong> Y<br /><strong>Walk-ins accepted?</strong> Y<br /><strong>Phone: </strong><a href="tel:+1570-824-3521">570-824-3521</a> </p>';'VA Wilkes-Barre health care'
'VAMC-FY-80';'Wilkes-Barre VA Medical Center';'Telehealth at VA Wilkes-Barre health care';'<h3>Location and contact information</h3><p class="va-address-block"><strong>Building 1, </strong><br />1st Floor<br /><a data-entity-substitution="canonical" data-entity-type="node" data-entity-uuid="4lbda239-aca4-4934-b950-a26712c730bc" href="/node/3066">Map of Wilkes-Barre campus</a><br /><strong>Phone:</strong> <a href="tel:+1570-824-3521">570-824-3521</a>, ext. 27142<br /><strong>Hours:</strong> Monday through Friday: 8:00 a.m. to 4:30 p.m ET</p><h3>Appointments</h3><p>Contact us to schedule, reschedule, or cancel your appointment.  If a referral is required, you will need to contact your primary care provider first.</p><p><strong>Referral needed? </strong> Y<br /><strong>Walk-ins accepted?</strong> Y<br /><strong>Phone: </strong><a href="tel:+1570-824-3521">570-824-3521</a> </p>';'VA Wilkes-Barre health care'
'VAMC-FY-81';'Wilkes-Barre VA Medical Center';'Thoracic Surgery at VA Wilkes-Barre health care';'<h3>Location and contact information</h3><p class="va-address-block"><strong>Building 1, </strong><br />5th Floor,  5 EAST<br /><a data-entity-substitution="canonical" data-entity-type="node" data-entity-uuid="4lbda239-aca4-4934-b950-a26712c730bc" href="/node/3066">Map of Wilkes-Barre campus</a><br /><strong>Phone:</strong> <a href="tel:+1570-824-3521">570-824-3521</a>, ext. 27962<br /><strong>Hours:</strong> Monday through Friday: 8:00 a.m. to 4:30 p.m ET</p><h3>Appointments</h3><p>Contact us to schedule, reschedule, or cancel your appointment.  If a referral is required, you will need to contact your primary care provider first.</p><p><strong>Referral needed? </strong> Y<br /><strong>Walk-ins accepted?</strong> N<br /><strong>Phone: </strong><a href="tel:+1570-824-3521">570-824-3521</a> , ext. 27963, , ext. 27964</p>';'VA Wilkes-Barre health care'
'VAMC-FY-82';'Wilkes-Barre VA Medical Center';'Travel reimbursement at VA Wilkes-Barre health care';'<h3>Location and contact information</h3><p class="va-address-block"><strong>Main Building, </strong><br />Room C2-13<br /><a data-entity-substitution="canonical" data-entity-type="node" data-entity-uuid="4lbda239-aca4-4934-b950-a26712c730bc" href="/node/3066">Map of Wilkes-Barre campus</a><br /><strong>Phone:</strong> <a href="tel:+1570-824-3521">570-824-3521</a>, ext. 27949<br /><strong>Hours:</strong> Monday through Friday: 8:00 a.m. to 4:30 p.m ET</p><h3>Appointments</h3><p>Contact us to schedule, reschedule, or cancel your appointment.  If a referral is required, you will need to contact your primary care provider first.</p><p><strong>Referral needed? </strong> Y<br /><strong>Walk-ins accepted?</strong> Y<br /><strong>Phone: </strong><a href="tel:+1570-824-3521">570-824-3521</a> </p>';'VA Wilkes-Barre health care'
'VAMC-FY-83';'Wilkes-Barre VA Medical Center';'Urology at VA Wilkes-Barre health care';'<h3>Location and contact information</h3><p class="va-address-block"><strong>Building 1, </strong><br />5th Floor,  5 EAST<br /><a data-entity-substitution="canonical" data-entity-type="node" data-entity-uuid="4lbda239-aca4-4934-b950-a26712c730bc" href="/node/3066">Map of Wilkes-Barre campus</a><br /><strong>Phone:</strong> <a href="tel:+1570-824-3521">570-824-3521</a>, ext. 27962<br /><strong>Hours:</strong> Monday through Friday: 8:00 a.m. to 4:30 p.m ET</p><h3>Appointments</h3><p>Contact us to schedule, reschedule, or cancel your appointment.  If a referral is required, you will need to contact your primary care provider first.</p><p><strong>Referral needed? </strong> Y<br /><strong>Walk-ins accepted?</strong> N<br /><strong>Phone: </strong><a href="tel:+1570-824-3521">570-824-3521</a> , ext. 27963, , ext. 27964</p>';'VA Wilkes-Barre health care'
'VAMC-FY-84';'Wilkes-Barre VA Medical Center';'Vascular surgery at VA Wilkes-Barre health care';'<h3>Location and contact information</h3><p class="va-address-block"><strong>Building 1, </strong><br />5th Floor,  5 EAST<br /><a data-entity-substitution="canonical" data-entity-type="node" data-entity-uuid="4lbda239-aca4-4934-b950-a26712c730bc" href="/node/3066">Map of Wilkes-Barre campus</a><br /><strong>Phone:</strong> <a href="tel:+1570-824-3521">570-824-3521</a>, ext. 27963<br /><strong>Hours:</strong> Monday through Friday: 8:00 a.m. to 4:30 p.m ET</p><h3>Appointments</h3><p>Contact us to schedule, reschedule, or cancel your appointment.  If a referral is required, you will need to contact your primary care provider first.</p><p><strong>Referral needed? </strong> Y<br /><strong>Walk-ins accepted?</strong> N<br /><strong>Phone: </strong><a href="tel:+1570-824-3521">570-824-3521</a> , ext. 27963, , ext. 27965</p>';'VA Wilkes-Barre health care'
'VAMC-FY-85';'Wilkes-Barre VA Medical Center';'Women Veteran care at VA Wilkes-Barre health care';'<h3>Location and contact information</h3><p class="va-address-block"><strong>Main Building, </strong><br />2nd Floor, <br />Room A2-03<br /><a data-entity-substitution="canonical" data-entity-type="node" data-entity-uuid="4lbda239-aca4-4934-b950-a26712c730bc" href="/node/3066">Map of Wilkes-Barre campus</a><br /><strong>Phone:</strong> <a href="tel:+1570-824-3521">570-824-3521</a>, ext. 24480<br /><strong>Hours:</strong> Monday through Friday: 8:00 a.m. to 4:30 p.m ET</p><h3>Appointments</h3><p>Contact us to schedule, reschedule, or cancel your appointment.  If a referral is required, you will need to contact your primary care provider first.</p><p><strong>Referral needed? </strong> Y<br /><strong>Walk-ins accepted?</strong> Y<br /><strong>Phone: </strong><a href="tel:+1570-824-3521">570-824-3521</a> </p>';'VA Wilkes-Barre health care'
'VAMC-FY-86';'Williamsport VA Clinic';'Laboratory and pathology at VA Wilkes-Barre health care';'<h3>Location and contact information</h3><p class="va-address-block"><strong>Werner Building</strong><br />1705 Warren Avenue<br/>Suite 304<br />Williamsport, PA 17701-2665<br /><strong>Phone:</strong> <a href="tel:+1570-322-4791">570-322-4791</a><br /><strong>Hours:</strong> Monday through Friday: 8:00a.m. to 4:30p.m. ET</p><h3>Appointments</h3><p>Contact us to schedule, reschedule, or cancel your appointment.  If a referral is required, you will need to contact your primary care provider first.</p><p><strong>Referral needed? </strong> Y<br /><strong>Walk-ins accepted?</strong> N<br /><strong>Phone: </strong><a href="tel:+1570-322-4791">570-322-4791</a> </p>';'VA Wilkes-Barre health care'
'VAMC-FY-87';'Williamsport VA Clinic';'Mental health care at VA Wilkes-Barre health care';'<h3>Location and contact information</h3><p class="va-address-block"><strong>Werner Building</strong><br />1705 Warren Avenue<br/>Werner Building<br />Suite 304<br />Williamsport, PA 17701-2665<br /><strong>Phone:</strong> <a href="tel:+1570-322-4791">570-322-4791</a><br /><strong>Hours:</strong> Monday through Friday: 8:00a.m. to 4:30p.m. ET</p><h3>Appointments</h3><p>Contact us to schedule, reschedule, or cancel your appointment.  If a referral is required, you will need to contact your primary care provider first.</p><p><strong>Referral needed? </strong> Y<br /><strong>Walk-ins accepted?</strong> Y<br /><strong>Phone: </strong><a href="tel:+1570-322-4791">570-322-4791</a> </p>';'VA Wilkes-Barre health care'
'VAMC-FY-88';'Williamsport VA Clinic';'Primary Care at VA Wilkes-Barre health care';'<h3>Location and contact information</h3><p class="va-address-block"><strong>Werner Building</strong><br />1705 Warren Avenue<br/>Werner Building<br />Suite 304<br />Williamsport, PA 17701-2665<br /><strong>Phone:</strong> <a href="tel:+1570-322-4791">570-322-4791</a><br /><strong>Hours:</strong> Monday through Friday: 8:00a.m. to 4:30p.m. ET</p><h3>Appointments</h3><p>Contact us to schedule, reschedule, or cancel your appointment.  If a referral is required, you will need to contact your primary care provider first.</p><p><strong>Referral needed? </strong> Y<br /><strong>Walk-ins accepted?</strong> N<br /><strong>Phone: </strong><a href="tel:+1570-322-4791">570-322-4791</a> </p>';'VA Wilkes-Barre health care'
'VAMC-FY-89';'Williamsport VA Clinic';'Social Work at VA Wilkes-Barre health care';'<h3>Location and contact information</h3><p class="va-address-block"><strong>Werner Building</strong><br />1705 Warren Avenue<br/>Werner Building<br />Suite 304<br />Williamsport, PA 17701-2665<br /><strong>Phone:</strong> <a href="tel:+1570-322-4791">570-322-4791</a><br /><strong>Hours:</strong> Monday through Friday: 8:00a.m. to 4:30p.m. ET</p><h3>Appointments</h3><p>Contact us to schedule, reschedule, or cancel your appointment.  If a referral is required, you will need to contact your primary care provider first.</p><p><strong>Referral needed? </strong> N<br /><strong>Walk-ins accepted?</strong> Y<br /><strong>Phone: </strong><a href="tel:+1570-322-4791">570-322-4791</a> </p>';'VA Wilkes-Barre health care'
'VAMC-FY-90';'Williamsport VA Clinic';'Telehealth at VA Wilkes-Barre health care';'<h3>Location and contact information</h3><p class="va-address-block"><strong>Werner Building</strong><br />1705 Warren Avenue<br/>Werner Building<br />Suite 304<br />Williamsport, PA 17701-2665<br /><strong>Phone:</strong> <a href="tel:+1570-322-4791">570-322-4791</a><br /><strong>Hours:</strong> Monday through Friday: 8:00a.m. to 4:30p.m. ET</p><h3>Appointments</h3><p>Contact us to schedule, reschedule, or cancel your appointment.  If a referral is required, you will need to contact your primary care provider first.</p><p><strong>Referral needed? </strong> N<br /><strong>Walk-ins accepted?</strong> N<br /><strong>Phone: </strong><a href="tel:+1570-322-4791">570-322-4791</a> </p>';'VA Wilkes-Barre health care'
'VAMC-FY-91';'Wilkes-Barre VA Medical Center';'Patient advocates at VA Wilkes-Barre health care';'<h3>Location and contact information</h3><p class="va-address-block"><strong>Building 1,  </strong><br />4TH Floor, <br />ROOM 132<br /><a data-entity-substitution="canonical" data-entity-type="node" data-entity-uuid="4lbda239-aca4-4934-b950-a26712c730bc" href="/node/3066">Map of Wilkes-Barre campus</a><br /><strong>Phone:</strong> <a href="tel:+1570-824-3521">570-824-3521</a>, ext. 24927<br /><strong>Hours:</strong> Monday through Friday: 8:00 a.m. to 4:30 p.m ET</p><h3>Appointments</h3><p>Contact us to schedule, reschedule, or cancel your appointment.  If a referral is required, you will need to contact your primary care provider first.</p><p><strong>Referral needed? </strong> N<br /><strong>Walk-ins accepted?</strong> Y<br /><strong>Phone: </strong><a href="tel:+1570-824-3521">570-824-3521</a> , ext. 27195</p>';'VA Wilkes-Barre health care'
