'System Name';'System description of services'
'Lovell FHCC health care';'<h3>Care we provide at [System Name]</h3> <ul> <li>COVID-19 vaccines for eligible Veterans and staff</li> </ul> <p><a href="/health-care/covid-19-vaccine">Learn more about COVID-19 vaccines at VA</a></p>'
'VA Alaska health care';'<h3>Care we provide at [System Name]</h3><ul><li>COVID-19 vaccines for eligible Veterans and staff</li></ul><p><a href="/health-care/covid-19-vaccine">Learn more about COVID-19 vaccines at VA</a></p>'
'VA Albany health care';'<h3>Care we provide at [System Name]</h3><ul><li>COVID-19 vaccines for eligible Veterans and staff</li></ul><p><a href="/health-care/covid-19-vaccine">Learn more about COVID-19 vaccines at VA</a></p>'
'VA Alexandria health care';'<h3>Care we provide at [System Name]</h3><ul><li>COVID-19 vaccines for eligible Veterans and staff</li></ul><p><a href="/health-care/covid-19-vaccine">Learn more about COVID-19 vaccines at VA</a></p>'
'VA Altoona health care';'<h3>Care we provide at [System Name]</h3><ul><li>COVID-19 vaccines for eligible Veterans and staff</li></ul><p><a href="/health-care/covid-19-vaccine">Learn more about COVID-19 vaccines at VA</a></p>'
'VA Amarillo health care';'<h3>Care we provide at [System Name]</h3><ul><li>COVID-19 vaccines for eligible Veterans and staff</li></ul><p><a href="/health-care/covid-19-vaccine">Learn more about COVID-19 vaccines at VA</a></p>'
'VA Ann Arbor health care';'<h3>Care we provide at [System Name]</h3><ul><li>COVID-19 vaccines for eligible Veterans and staff</li></ul><p><a href="/health-care/covid-19-vaccine">Learn more about COVID-19 vaccines at VA</a></p>'
'VA Asheville health care';'<h3>Care we provide at [System Name]</h3><ul><li>COVID-19 vaccines for eligible Veterans and staff</li></ul><p><a href="/health-care/covid-19-vaccine">Learn more about COVID-19 vaccines at VA</a></p>'
'VA Atlanta health care';'<h3>Care we provide at [System Name]</h3><ul><li>COVID-19 vaccines for eligible Veterans and staff</li></ul><p><a href="/health-care/covid-19-vaccine">Learn more about COVID-19 vaccines at VA</a></p>'
'VA Augusta health care';'<h3>Care we provide at [System Name]</h3><ul><li>COVID-19 vaccines for eligible Veterans and staff</li></ul><p><a href="/health-care/covid-19-vaccine">Learn more about COVID-19 vaccines at VA</a></p>'
'VA Battle Creek health care';'<h3>Care we provide at [System Name]</h3><ul><li>COVID-19 vaccines for eligible Veterans and staff</li></ul><p><a href="/health-care/covid-19-vaccine">Learn more about COVID-19 vaccines at VA</a></p>'
'VA Bay Pines health care';'<h3>Care we provide at [System Name]</h3><ul><li>COVID-19 vaccines for eligible Veterans and staff</li></ul><p><a href="/health-care/covid-19-vaccine">Learn more about COVID-19 vaccines at VA</a></p>'
'VA Beckley health care';'<h3>Care we provide at [System Name]</h3><ul><li>COVID-19 vaccines for eligible Veterans and staff</li></ul><p><a href="/health-care/covid-19-vaccine">Learn more about COVID-19 vaccines at VA</a></p>'
'VA Bedford health care';'<h3>Care we provide at [System Name]</h3><ul><li>COVID-19 vaccines for eligible Veterans and staff</li></ul><p><a href="/health-care/covid-19-vaccine">Learn more about COVID-19 vaccines at VA</a></p>'
'VA Birmingham health care';'<h3>Care we provide at [System Name]</h3><ul><li>COVID-19 vaccines for eligible Veterans and staff</li></ul><p><a href="/health-care/covid-19-vaccine">Learn more about COVID-19 vaccines at VA</a></p>'
'VA Black Hills health care';'<h3>Care we provide at [System Name]</h3><ul><li>COVID-19 vaccines for eligible Veterans and staff</li></ul><p><a href="/health-care/covid-19-vaccine">Learn more about COVID-19 vaccines at VA</a></p>'
'VA Boise health care';'<h3>Care we provide at [System Name]</h3><ul><li>COVID-19 vaccines for eligible Veterans and staff</li></ul><p><a href="/health-care/covid-19-vaccine">Learn more about COVID-19 vaccines at VA</a></p>'
'VA Boston health care';'<h3>Care we provide at [System Name]</h3><ul><li>COVID-19 vaccines for eligible Veterans and staff</li></ul><p><a href="/health-care/covid-19-vaccine">Learn more about COVID-19 vaccines at VA</a></p>'
'VA Bronx health care';'<h3>Care we provide at [System Name]</h3><ul><li>COVID-19 vaccines for eligible Veterans and staff</li></ul><p><a href="/health-care/covid-19-vaccine">Learn more about COVID-19 vaccines at VA</a></p>'
'VA Butler health care';'<h3>Care we provide at [System Name]</h3><ul><li>COVID-19 vaccines for eligible Veterans and staff</li></ul><p><a href="/health-care/covid-19-vaccine">Learn more about COVID-19 vaccines at VA</a></p>'
'VA Caribbean health care';'<h3>Care we provide at [System Name]</h3><ul><li>COVID-19 vaccines for eligible Veterans and staff</li></ul><p><a href="/health-care/covid-19-vaccine">Learn more about COVID-19 vaccines at VA</a></p>'
'VA Central Alabama health care';'<h3>Care we provide at [System Name]</h3><ul><li>COVID-19 vaccines for eligible Veterans and staff</li></ul><p><a href="/health-care/covid-19-vaccine">Learn more about COVID-19 vaccines at VA</a></p>'
'VA Central Arkansas health care';'<h3>Care we provide at [System Name]</h3><ul><li>COVID-19 vaccines for eligible Veterans and staff</li></ul><p><a href="/health-care/covid-19-vaccine">Learn more about COVID-19 vaccines at VA</a></p>'
'VA Central California health care';'<h3>Care we provide at [System Name]</h3><ul><li>COVID-19 vaccines for eligible Veterans and staff</li></ul><p><a href="/health-care/covid-19-vaccine">Learn more about COVID-19 vaccines at VA</a></p>'
'VA Central Iowa health care';'<h3>Care we provide at [System Name]</h3><ul><li>COVID-19 vaccines for eligible Veterans and staff</li></ul><p><a href="/health-care/covid-19-vaccine">Learn more about COVID-19 vaccines at VA</a></p>'
'VA Central Ohio health care';'<h3>Care we provide at [System Name]</h3><ul><li>COVID-19 vaccines for eligible Veterans and staff</li></ul><p><a href="/health-care/covid-19-vaccine">Learn more about COVID-19 vaccines at VA</a></p>'
'VA Central Texas health care';'<h3>Care we provide at [System Name]</h3><ul><li>COVID-19 vaccines for eligible Veterans and staff</li></ul><p><a href="/health-care/covid-19-vaccine">Learn more about COVID-19 vaccines at VA</a></p>'
'VA Central Western Massachusetts health care';'<h3>Care we provide at [System Name]</h3><ul><li>COVID-19 vaccines for eligible Veterans and staff</li></ul><p><a href="/health-care/covid-19-vaccine">Learn more about COVID-19 vaccines at VA</a></p>'
'VA Charleston health care';'<h3>Care we provide at [System Name]</h3><ul><li>COVID-19 vaccines for eligible Veterans and staff</li></ul><p><a href="/health-care/covid-19-vaccine">Learn more about COVID-19 vaccines at VA</a></p>'
'VA Cheyenne health care';'<h3>Care we provide at [System Name]</h3><ul><li>COVID-19 vaccines for eligible Veterans and staff</li></ul><p><a href="/health-care/covid-19-vaccine">Learn more about COVID-19 vaccines at VA</a></p>'
'VA Chicago health care';'<h3>Care we provide at [System Name]</h3><ul><li>COVID-19 vaccines for eligible Veterans and staff</li></ul><p><a href="/health-care/covid-19-vaccine">Learn more about COVID-19 vaccines at VA</a></p>'
'VA Chillicothe health care';'<h3>Care we provide at [System Name]</h3><ul><li>COVID-19 vaccines for eligible Veterans and staff</li></ul><p><a href="/health-care/covid-19-vaccine">Learn more about COVID-19 vaccines at VA</a></p>'
'VA Cincinnati health care';'<h3>Care we provide at [System Name]</h3><ul><li>COVID-19 vaccines for eligible Veterans and staff</li></ul><p><a href="/health-care/covid-19-vaccine">Learn more about COVID-19 vaccines at VA</a></p>'
'VA Clarksburg health care';'<h3>Care we provide at [System Name]</h3><ul><li>COVID-19 vaccines for eligible Veterans and staff</li></ul><p><a href="/health-care/covid-19-vaccine">Learn more about COVID-19 vaccines at VA</a></p>'
'VA Coatesville health care';'<h3>Care we provide at [System Name]</h3><ul><li>COVID-19 vaccines for eligible Veterans and staff</li></ul><p><a href="/health-care/covid-19-vaccine">Learn more about COVID-19 vaccines at VA</a></p>'
'VA Columbia Missouri health care';'<h3>Care we provide at [System Name]</h3><ul><li>COVID-19 vaccines for eligible Veterans and staff</li></ul><p><a href="/health-care/covid-19-vaccine">Learn more about COVID-19 vaccines at VA</a></p>'
'VA Columbia South Carolina health care';'<h3>Care we provide at [System Name]</h3><ul><li>COVID-19 vaccines for eligible Veterans and staff</li></ul><p><a href="/health-care/covid-19-vaccine">Learn more about COVID-19 vaccines at VA</a></p>'
'VA Connecticut health care';'<h3>Care we provide at [System Name]</h3><ul><li>COVID-19 vaccines for eligible Veterans and staff</li></ul><p><a href="/health-care/covid-19-vaccine">Learn more about COVID-19 vaccines at VA</a></p>'
'VA Dayton health care';'<h3>Care we provide at [System Name]</h3><ul><li>COVID-19 vaccines for eligible Veterans and staff</li></ul><p><a href="/health-care/covid-19-vaccine">Learn more about COVID-19 vaccines at VA</a></p>'
'VA Detroit health care';'<h3>Care we provide at [System Name]</h3><ul><li>COVID-19 vaccines for eligible Veterans and staff</li></ul><p><a href="/health-care/covid-19-vaccine">Learn more about COVID-19 vaccines at VA</a></p>'
'VA Dublin health care';'<h3>Care we provide at [System Name]</h3><ul><li>COVID-19 vaccines for eligible Veterans and staff</li></ul><p><a href="/health-care/covid-19-vaccine">Learn more about COVID-19 vaccines at VA</a></p>'
'VA Durham health care';'<h3>Care we provide at [System Name]</h3><ul><li>COVID-19 vaccines for eligible Veterans and staff</li></ul><p><a href="/health-care/covid-19-vaccine">Learn more about COVID-19 vaccines at VA</a></p>'
'VA Eastern Colorado health care';'<h3>Care we provide at [System Name]</h3><ul><li>COVID-19 vaccines for eligible Veterans and staff</li></ul><p><a href="/health-care/covid-19-vaccine">Learn more about COVID-19 vaccines at VA</a></p>'
'VA Eastern Oklahoma health care';'<h3>Care we provide at [System Name]</h3><ul><li>COVID-19 vaccines for eligible Veterans and staff</li></ul><p><a href="/health-care/covid-19-vaccine">Learn more about COVID-19 vaccines at VA</a></p>'
'VA El Paso health care';'<h3>Care we provide at [System Name]</h3><ul><li>COVID-19 vaccines for eligible Veterans and staff</li></ul><p><a href="/health-care/covid-19-vaccine">Learn more about COVID-19 vaccines at VA</a></p>'
'VA Erie health care';'<h3>Care we provide at [System Name]</h3><ul><li>COVID-19 vaccines for eligible Veterans and staff</li></ul><p><a href="/health-care/covid-19-vaccine">Learn more about COVID-19 vaccines at VA</a></p>'
'VA Fargo health care';'<h3>Care we provide at [System Name]</h3><ul><li>COVID-19 vaccines for eligible Veterans and staff</li></ul><p><a href="/health-care/covid-19-vaccine">Learn more about COVID-19 vaccines at VA</a></p>'
'VA Fayetteville Arkansas health care';'<h3>Care we provide at [System Name]</h3><ul><li>COVID-19 vaccines for eligible Veterans and staff</li></ul><p><a href="/health-care/covid-19-vaccine">Learn more about COVID-19 vaccines at VA</a></p>'
'VA Fayetteville Coastal health care';'<h3>Care we provide at [System Name]</h3><ul><li>COVID-19 vaccines for eligible Veterans and staff</li></ul><p><a href="/health-care/covid-19-vaccine">Learn more about COVID-19 vaccines at VA</a></p>'
'VA Finger Lakes health care';'<h3>Care we provide at [System Name]</h3><ul><li>COVID-19 vaccines for eligible Veterans and staff</li></ul><p><a href="/health-care/covid-19-vaccine">Learn more about COVID-19 vaccines at VA</a></p>'
'VA Greater Los Angeles health care';'<h3>Care we provide at [System Name]</h3><ul><li>COVID-19 vaccines for eligible Veterans and staff</li></ul><p><a href="/health-care/covid-19-vaccine">Learn more about COVID-19 vaccines at VA</a></p>'
'VA Gulf Coast health care';'<h3>Care we provide at [System Name]</h3><ul><li>COVID-19 vaccines for eligible Veterans and staff</li></ul><p><a href="/health-care/covid-19-vaccine">Learn more about COVID-19 vaccines at VA</a></p>'
'VA Hampton health care';'<h3>Care we provide at [System Name]</h3><ul><li>COVID-19 vaccines for eligible Veterans and staff</li></ul><p><a href="/health-care/covid-19-vaccine">Learn more about COVID-19 vaccines at VA</a></p>'
'VA Hines health care';'<h3>Care we provide at [System Name]</h3><ul><li>COVID-19 vaccines for eligible Veterans and staff</li></ul><p><a href="/health-care/covid-19-vaccine">Learn more about COVID-19 vaccines at VA</a></p>'
'VA Houston health care';'<h3>Care we provide at [System Name]</h3><ul><li>COVID-19 vaccines for eligible Veterans and staff</li></ul><p><a href="/health-care/covid-19-vaccine">Learn more about COVID-19 vaccines at VA</a></p>'
'VA Hudson Valley health care';'<h3>Care we provide at [System Name]</h3><ul><li>COVID-19 vaccines for eligible Veterans and staff</li></ul><p><a href="/health-care/covid-19-vaccine">Learn more about COVID-19 vaccines at VA</a></p>'
'VA Huntington health care';'<h3>Care we provide at [System Name]</h3><ul><li>COVID-19 vaccines for eligible Veterans and staff</li></ul><p><a href="/health-care/covid-19-vaccine">Learn more about COVID-19 vaccines at VA</a></p>'
'VA Illiana health care';'<h3>Care we provide at [System Name]</h3><ul><li>COVID-19 vaccines for eligible Veterans and staff</li></ul><p><a href="/health-care/covid-19-vaccine">Learn more about COVID-19 vaccines at VA</a></p>'
'VA Indiana health care';'<h3>Care we provide at [System Name]</h3><ul><li>COVID-19 vaccines for eligible Veterans and staff</li></ul><p><a href="/health-care/covid-19-vaccine">Learn more about COVID-19 vaccines at VA</a></p>'
'VA Iowa City health care';'<h3>Care we provide at [System Name]</h3><ul><li>COVID-19 vaccines for eligible Veterans and staff</li></ul><p><a href="/health-care/covid-19-vaccine">Learn more about COVID-19 vaccines at VA</a></p>'
'VA Iron Mountain health care';'<h3>Care we provide at [System Name]</h3><ul><li>COVID-19 vaccines for eligible Veterans and staff</li></ul><p><a href="/health-care/covid-19-vaccine">Learn more about COVID-19 vaccines at VA</a></p>'
'VA Jackson health care';'<h3>Care we provide at [System Name]</h3><ul><li>COVID-19 vaccines for eligible Veterans and staff</li></ul><p><a href="/health-care/covid-19-vaccine">Learn more about COVID-19 vaccines at VA</a></p>'
'VA Kansas City health care';'<h3>Care we provide at [System Name]</h3><ul><li>COVID-19 vaccines for eligible Veterans and staff</li></ul><p><a href="/health-care/covid-19-vaccine">Learn more about COVID-19 vaccines at VA</a></p>'
'VA Leavenworth health care';'<h3>Care we provide at [System Name]</h3><ul><li>COVID-19 vaccines for eligible Veterans and staff</li></ul><p><a href="/health-care/covid-19-vaccine">Learn more about COVID-19 vaccines at VA</a></p>'
'VA Lebanon health care';'<h3>Care we provide at [System Name]</h3><ul><li>COVID-19 vaccines for eligible Veterans and staff</li></ul><p><a href="/health-care/covid-19-vaccine">Learn more about COVID-19 vaccines at VA</a></p>'
'VA Lexington health care';'<h3>Care we provide at [System Name]</h3><ul><li>COVID-19 vaccines for eligible Veterans and staff</li></ul><p><a href="/health-care/covid-19-vaccine">Learn more about COVID-19 vaccines at VA</a></p>'
'VA Loma Linda health care';'<h3>Care we provide at [System Name]</h3><ul><li>COVID-19 vaccines for eligible Veterans and staff</li></ul><p><a href="/health-care/covid-19-vaccine">Learn more about COVID-19 vaccines at VA</a></p>'
'VA Long Beach health care';'<h3>Care we provide at [System Name]</h3><ul><li>COVID-19 vaccines for eligible Veterans and staff</li></ul><p><a href="/health-care/covid-19-vaccine">Learn more about COVID-19 vaccines at VA</a></p>'
'VA Louisville health care';'<h3>Care we provide at [System Name]</h3><ul><li>COVID-19 vaccines for eligible Veterans and staff</li></ul><p><a href="/health-care/covid-19-vaccine">Learn more about COVID-19 vaccines at VA</a></p>'
'VA Madison health care';'<h3>Care we provide at [System Name]</h3><ul><li>COVID-19 vaccines for eligible Veterans and staff</li></ul><p><a href="/health-care/covid-19-vaccine">Learn more about COVID-19 vaccines at VA</a></p>'
'VA Maine health care';'<h3>Care we provide at [System Name]</h3><ul><li>COVID-19 vaccines for eligible Veterans and staff</li></ul><p><a href="/health-care/covid-19-vaccine">Learn more about COVID-19 vaccines at VA</a></p>'
'VA Manchester health care';'<h3>Care we provide at [System Name]</h3><ul><li>COVID-19 vaccines for eligible Veterans and staff</li></ul><p><a href="/health-care/covid-19-vaccine">Learn more about COVID-19 vaccines at VA</a></p>'
'VA Marion health care';'<h3>Care we provide at [System Name]</h3><ul><li>COVID-19 vaccines for eligible Veterans and staff</li></ul><p><a href="/health-care/covid-19-vaccine">Learn more about COVID-19 vaccines at VA</a></p>'
'VA Martinsburg health care';'<h3>Care we provide at [System Name]</h3><ul><li>COVID-19 vaccines for eligible Veterans and staff</li></ul><p><a href="/health-care/covid-19-vaccine">Learn more about COVID-19 vaccines at VA</a></p>'
'VA Maryland health care';'<h3>Care we provide at [System Name]</h3><ul><li>COVID-19 vaccines for eligible Veterans and staff</li></ul><p><a href="/health-care/covid-19-vaccine">Learn more about COVID-19 vaccines at VA</a></p>'
'VA Memphis health care';'<h3>Care we provide at [System Name]</h3><ul><li>COVID-19 vaccines for eligible Veterans and staff</li></ul><p><a href="/health-care/covid-19-vaccine">Learn more about COVID-19 vaccines at VA</a></p>'
'VA Miami health care';'<h3>Care we provide at [System Name]</h3><ul><li>COVID-19 vaccines for eligible Veterans and staff</li></ul><p><a href="/health-care/covid-19-vaccine">Learn more about COVID-19 vaccines at VA</a></p>'
'VA Milwaukee health care';'<h3>Care we provide at [System Name]</h3><ul><li>COVID-19 vaccines for eligible Veterans and staff</li></ul><p><a href="/health-care/covid-19-vaccine">Learn more about COVID-19 vaccines at VA</a></p>'
'VA Minneapolis health care';'<h3>Care we provide at [System Name]</h3><ul><li>COVID-19 vaccines for eligible Veterans and staff</li></ul><p><a href="/health-care/covid-19-vaccine">Learn more about COVID-19 vaccines at VA</a></p>'
'VA Montana health care';'<h3>Care we provide at [System Name]</h3><ul><li>COVID-19 vaccines for eligible Veterans and staff</li></ul><p><a href="/health-care/covid-19-vaccine">Learn more about COVID-19 vaccines at VA</a></p>'
'VA Mountain Home health care';'<h3>Care we provide at [System Name]</h3><ul><li>COVID-19 vaccines for eligible Veterans and staff</li></ul><p><a href="/health-care/covid-19-vaccine">Learn more about COVID-19 vaccines at VA</a></p>'
'VA Nebraska-Western Iowa health care';'<h3>Care we provide at [System Name]</h3><ul><li>COVID-19 vaccines for eligible Veterans and staff</li></ul><p><a href="/health-care/covid-19-vaccine">Learn more about COVID-19 vaccines at VA</a></p>'
'VA New Jersey health care';'<h3>Care we provide at [System Name]</h3><ul><li>COVID-19 vaccines for eligible Veterans and staff</li></ul><p><a href="/health-care/covid-19-vaccine">Learn more about COVID-19 vaccines at VA</a></p>'
'VA New Mexico health care';'<h3>Care we provide at [System Name]</h3><ul><li>COVID-19 vaccines for eligible Veterans and staff</li></ul><p><a href="/health-care/covid-19-vaccine">Learn more about COVID-19 vaccines at VA</a></p>'
'VA New York Harbor health care';'<h3>Care we provide at [System Name]</h3><ul><li>COVID-19 vaccines for eligible Veterans and staff</li></ul><p><a href="/health-care/covid-19-vaccine">Learn more about COVID-19 vaccines at VA</a></p>'
'VA North Florida health care';'<h3>Care we provide at [System Name]</h3><ul><li>COVID-19 vaccines for eligible Veterans and staff</li></ul><p><a href="/health-care/covid-19-vaccine">Learn more about COVID-19 vaccines at VA</a></p>'
'VA North Texas health care';'<h3>Care we provide at [System Name]</h3><ul><li>COVID-19 vaccines for eligible Veterans and staff</li></ul><p><a href="/health-care/covid-19-vaccine">Learn more about COVID-19 vaccines at VA</a></p>'
'VA Northeast Ohio health care';'<h3>Care we provide at [System Name]</h3><ul><li>COVID-19 vaccines for eligible Veterans and staff</li></ul><p><a href="/health-care/covid-19-vaccine">Learn more about COVID-19 vaccines at VA</a></p>'
'VA Northern Arizona health care';'<h3>Care we provide at [System Name]</h3><ul><li>COVID-19 vaccines for eligible Veterans and staff</li></ul><p><a href="/health-care/covid-19-vaccine">Learn more about COVID-19 vaccines at VA</a></p>'
'VA Northern California health care';'<h3>Care we provide at [System Name]</h3><ul><li>COVID-19 vaccines for eligible Veterans and staff</li></ul><p><a href="/health-care/covid-19-vaccine">Learn more about COVID-19 vaccines at VA</a></p>'
'VA Northern Indiana health care';'<h3>Care we provide at [System Name]</h3><ul><li>COVID-19 vaccines for eligible Veterans and staff</li></ul><p><a href="/health-care/covid-19-vaccine">Learn more about COVID-19 vaccines at VA</a></p>'
'VA Northport health care';'<h3>Care we provide at [System Name]</h3><ul><li>COVID-19 vaccines for eligible Veterans and staff</li></ul><p><a href="/health-care/covid-19-vaccine">Learn more about COVID-19 vaccines at VA</a></p>'
'VA Oklahoma City health care';'<h3>Care we provide at [System Name]</h3><ul><li>COVID-19 vaccines for eligible Veterans and staff</li></ul><p><a href="/health-care/covid-19-vaccine">Learn more about COVID-19 vaccines at VA</a></p>'
'VA Orlando health care';'<h3>Care we provide at [System Name]</h3><ul><li>COVID-19 vaccines for eligible Veterans and staff</li></ul><p><a href="/health-care/covid-19-vaccine">Learn more about COVID-19 vaccines at VA</a></p>'
'VA Pacific Islands health care';'<h3>Care we provide at [System Name]</h3><ul><li>COVID-19 vaccines for eligible Veterans and staff</li></ul><p><a href="/health-care/covid-19-vaccine">Learn more about COVID-19 vaccines at VA</a></p>'
'VA Palo Alto health care';'<h3>Care we provide at [System Name]</h3><ul><li>COVID-19 vaccines for eligible Veterans and staff</li></ul><p><a href="/health-care/covid-19-vaccine">Learn more about COVID-19 vaccines at VA</a></p>'
'VA Philadelphia health care';'<h3>Care we provide at [System Name]</h3><ul><li>COVID-19 vaccines for eligible Veterans and staff</li></ul><p><a href="/health-care/covid-19-vaccine">Learn more about COVID-19 vaccines at VA</a></p>'
'VA Phoenix health care';'<h3>Care we provide at [System Name]</h3><ul><li>COVID-19 vaccines for eligible Veterans and staff</li></ul><p><a href="/health-care/covid-19-vaccine">Learn more about COVID-19 vaccines at VA</a></p>'
'VA Poplar Bluff health care';'<h3>Care we provide at [System Name]</h3><ul><li>COVID-19 vaccines for eligible Veterans and staff</li></ul><p><a href="/health-care/covid-19-vaccine">Learn more about COVID-19 vaccines at VA</a></p>'
'VA Portland health care';'<h3>Care we provide at [System Name]</h3><ul><li>COVID-19 vaccines for eligible Veterans and staff</li></ul><p><a href="/health-care/covid-19-vaccine">Learn more about COVID-19 vaccines at VA</a></p>'
'VA Providence health care';'<h3>Care we provide at [System Name]</h3><ul><li>COVID-19 vaccines for eligible Veterans and staff</li></ul><p><a href="/health-care/covid-19-vaccine">Learn more about COVID-19 vaccines at VA</a></p>'
'VA Puget Sound health care';'<h3>Care we provide at [System Name]</h3><ul><li>COVID-19 vaccines for eligible Veterans and staff</li></ul><p><a href="/health-care/covid-19-vaccine">Learn more about COVID-19 vaccines at VA</a></p>'
'VA Richmond health care';'<h3>Care we provide at [System Name]</h3><ul><li>COVID-19 vaccines for eligible Veterans and staff</li></ul><p><a href="/health-care/covid-19-vaccine">Learn more about COVID-19 vaccines at VA</a></p>'
'VA Roseburg health care';'<h3>Care we provide at [System Name]</h3><ul><li>COVID-19 vaccines for eligible Veterans and staff</li></ul><p><a href="/health-care/covid-19-vaccine">Learn more about COVID-19 vaccines at VA</a></p>'
'VA Saginaw health care';'<h3>Care we provide at [System Name]</h3><ul><li>COVID-19 vaccines for eligible Veterans and staff</li></ul><p><a href="/health-care/covid-19-vaccine">Learn more about COVID-19 vaccines at VA</a></p>'
'VA Salem health care';'<h3>Care we provide at [System Name]</h3><ul><li>COVID-19 vaccines for eligible Veterans and staff</li></ul><p><a href="/health-care/covid-19-vaccine">Learn more about COVID-19 vaccines at VA</a></p>'
'VA Salisbury health care';'<h3>Care we provide at [System Name]</h3><ul><li>COVID-19 vaccines for eligible Veterans and staff</li></ul><p><a href="/health-care/covid-19-vaccine">Learn more about COVID-19 vaccines at VA</a></p>'
'VA Salt Lake City health care';'<h3>Care we provide at [System Name]</h3><ul><li>COVID-19 vaccines for eligible Veterans and staff</li></ul><p><a href="/health-care/covid-19-vaccine">Learn more about COVID-19 vaccines at VA</a></p>'
'VA San Diego health care';'<h3>Care we provide at [System Name]</h3><ul><li>COVID-19 vaccines for eligible Veterans and staff</li></ul><p><a href="/health-care/covid-19-vaccine">Learn more about COVID-19 vaccines at VA</a></p>'
'VA San Francisco health care';'<h3>Care we provide at [System Name]</h3><ul><li>COVID-19 vaccines for eligible Veterans and staff</li></ul><p><a href="/health-care/covid-19-vaccine">Learn more about COVID-19 vaccines at VA</a></p>'
'VA Sheridan health care';'<h3>Care we provide at [System Name]</h3><ul><li>COVID-19 vaccines for eligible Veterans and staff</li></ul><p><a href="/health-care/covid-19-vaccine">Learn more about COVID-19 vaccines at VA</a></p>'
'VA Shreveport health care';'<h3>Care we provide at [System Name]</h3><ul><li>COVID-19 vaccines for eligible Veterans and staff</li></ul><p><a href="/health-care/covid-19-vaccine">Learn more about COVID-19 vaccines at VA</a></p>'
'VA Sierra Nevada health care';'<h3>Care we provide at [System Name]</h3><ul><li>COVID-19 vaccines for eligible Veterans and staff</li></ul><p><a href="/health-care/covid-19-vaccine">Learn more about COVID-19 vaccines at VA</a></p>'
'VA Sioux Falls health care';'<h3>Care we provide at [System Name]</h3><ul><li>COVID-19 vaccines for eligible Veterans and staff</li></ul><p><a href="/health-care/covid-19-vaccine">Learn more about COVID-19 vaccines at VA</a></p>'
'VA South Texas health care';'<h3>Care we provide at [System Name]</h3><ul><li>COVID-19 vaccines for eligible Veterans and staff</li></ul><p><a href="/health-care/covid-19-vaccine">Learn more about COVID-19 vaccines at VA</a></p>'
'VA Southeast Louisiana health care';'<h3>Care we provide at [System Name]</h3><ul><li>COVID-19 vaccines for eligible Veterans and staff</li></ul><p><a href="/health-care/covid-19-vaccine">Learn more about COVID-19 vaccines at VA</a></p>'
'VA Southern Arizona health care';'<h3>Care we provide at [System Name]</h3><ul><li>COVID-19 vaccines for eligible Veterans and staff</li></ul><p><a href="/health-care/covid-19-vaccine">Learn more about COVID-19 vaccines at VA</a></p>'
'VA Southern Nevada health care';'<h3>Care we provide at [System Name]</h3><ul><li>COVID-19 vaccines for eligible Veterans and staff</li></ul><p><a href="/health-care/covid-19-vaccine">Learn more about COVID-19 vaccines at VA</a></p>'
'VA Southern Oregon health care';'<h3>Care we provide at [System Name]</h3><ul><li>COVID-19 vaccines for eligible Veterans and staff</li></ul><p><a href="/health-care/covid-19-vaccine">Learn more about COVID-19 vaccines at VA</a></p>'
'VA Spokane health care';'<h3>Care we provide at [System Name]</h3><ul><li>COVID-19 vaccines for eligible Veterans and staff</li></ul><p><a href="/health-care/covid-19-vaccine">Learn more about COVID-19 vaccines at VA</a></p>'
'VA St Cloud health care';'<h3>Care we provide at [System Name]</h3><ul><li>COVID-19 vaccines for eligible Veterans and staff</li></ul><p><a href="/health-care/covid-19-vaccine">Learn more about COVID-19 vaccines at VA</a></p>'
'VA St Louis health care';'<h3>Care we provide at [System Name]</h3><ul><li>COVID-19 vaccines for eligible Veterans and staff</li></ul><p><a href="/health-care/covid-19-vaccine">Learn more about COVID-19 vaccines at VA</a></p>'
'VA Syracuse health care';'<h3>Care we provide at [System Name]</h3><ul><li>COVID-19 vaccines for eligible Veterans and staff</li></ul><p><a href="/health-care/covid-19-vaccine">Learn more about COVID-19 vaccines at VA</a></p>'
'VA Tampa health care';'<h3>Care we provide at [System Name]</h3><ul><li>COVID-19 vaccines for eligible Veterans and staff</li></ul><p><a href="/health-care/covid-19-vaccine">Learn more about COVID-19 vaccines at VA</a></p>'
'VA Tennessee Valley health care';'<h3>Care we provide at [System Name]</h3><ul><li>COVID-19 vaccines for eligible Veterans and staff</li></ul><p><a href="/health-care/covid-19-vaccine">Learn more about COVID-19 vaccines at VA</a></p>'
'VA Texas Valley health care';'<h3>Care we provide at [System Name]</h3><ul><li>COVID-19 vaccines for eligible Veterans and staff</li></ul><p><a href="/health-care/covid-19-vaccine">Learn more about COVID-19 vaccines at VA</a></p>'
'VA Tomah health care';'<h3>Care we provide at [System Name]</h3><ul><li>COVID-19 vaccines for eligible Veterans and staff</li></ul><p><a href="/health-care/covid-19-vaccine">Learn more about COVID-19 vaccines at VA</a></p>'
'VA Topeka health care';'<h3>Care we provide at [System Name]</h3><ul><li>COVID-19 vaccines for eligible Veterans and staff</li></ul><p><a href="/health-care/covid-19-vaccine">Learn more about COVID-19 vaccines at VA</a></p>'
'VA Tuscaloosa health care';'<h3>Care we provide at [System Name]</h3><ul><li>COVID-19 vaccines for eligible Veterans and staff</li></ul><p><a href="/health-care/covid-19-vaccine">Learn more about COVID-19 vaccines at VA</a></p>'
'VA Wallawalla health care';'<h3>Care we provide at [System Name]</h3><ul><li>COVID-19 vaccines for eligible Veterans and staff</li></ul><p><a href="/health-care/covid-19-vaccine">Learn more about COVID-19 vaccines at VA</a></p>'
'VA Washington DC health care';'<h3>Care we provide at [System Name]</h3><ul><li>COVID-19 vaccines for eligible Veterans and staff</li></ul><p><a href="/health-care/covid-19-vaccine">Learn more about COVID-19 vaccines at VA</a></p>'
'VA West Palm Beach health care';'<h3>Care we provide at [System Name]</h3><ul><li>COVID-19 vaccines for eligible Veterans and staff</li></ul><p><a href="/health-care/covid-19-vaccine">Learn more about COVID-19 vaccines at VA</a></p>'
'VA West Texas health care';'<h3>Care we provide at [System Name]</h3><ul><li>COVID-19 vaccines for eligible Veterans and staff</li></ul><p><a href="/health-care/covid-19-vaccine">Learn more about COVID-19 vaccines at VA</a></p>'
'VA Western Colorado health care';'<h3>Care we provide at [System Name]</h3><ul><li>COVID-19 vaccines for eligible Veterans and staff</li></ul><p><a href="/health-care/covid-19-vaccine">Learn more about COVID-19 vaccines at VA</a></p>'
'VA Western New York health care';'<h3>Care we provide at [System Name]</h3><ul><li>COVID-19 vaccines for eligible Veterans and staff</li></ul><p><a href="/health-care/covid-19-vaccine">Learn more about COVID-19 vaccines at VA</a></p>'
'VA White River Junction health care';'<h3>Care we provide at [System Name]</h3><ul><li>COVID-19 vaccines for eligible Veterans and staff</li></ul><p><a href="/health-care/covid-19-vaccine">Learn more about COVID-19 vaccines at VA</a></p>'
'VA Wichita health care';'<h3>Care we provide at [System Name]</h3><ul><li>COVID-19 vaccines for eligible Veterans and staff</li></ul><p><a href="/health-care/covid-19-vaccine">Learn more about COVID-19 vaccines at VA</a></p>'
'VA Wilkes-Barre health care';'<h3>Care we provide at [System Name]</h3><ul><li>COVID-19 vaccines for eligible Veterans and staff</li></ul><p><a href="/health-care/covid-19-vaccine">Learn more about COVID-19 vaccines at VA</a></p>'
'VA Wilmington health care';'<h3>Care we provide at [System Name]</h3><ul><li>COVID-19 vaccines for eligible Veterans and staff</li></ul><p><a href="/health-care/covid-19-vaccine">Learn more about COVID-19 vaccines at VA</a></p>'
